日期,Mean_Bias
2024-10-01-01,129.7087634078066
2024-10-01-02,135.33909429142204
2024-10-01-03,142.23144390940124
2024-10-01-04,148.0671817072716
2024-10-01-06,138.17749214089503
2024-10-01-07,121.49758190725272
2024-10-01-08,82.88016334189685
2024-10-01-09,43.98671895040138
2024-10-01-10,7.753106389928496
2024-10-03-00,142.3675810921684
2024-10-03-01,154.91720893394643
2024-10-03-02,139.60694626048735
2024-10-03-03,122.72878824522074
2024-10-03-04,126.38201978960144
2024-10-03-05,123.24523502543614
2024-10-03-06,101.42385118018257
2024-10-03-07,99.46043832349018
2024-10-03-08,70.18416280625058
2024-10-03-09,33.60103929924046
2024-10-03-10,6.671178869878739
2024-10-04-00,118.84534714135668
2024-10-04-01,136.8649714506929
2024-10-04-02,111.42826954015636
2024-10-04-03,124.74484228217788
2024-10-04-04,116.650467591838
2024-10-04-05,119.81030857890131
2024-10-04-06,103.71885265246624
2024-10-04-07,97.21990929027594
2024-10-04-08,63.27997532865078
2024-10-04-09,34.35928157341298
2024-10-04-10,6.790467870701487
2024-10-05-00,69.90731239264892
2024-10-05-01,73.60303934508855
2024-10-05-02,90.19899966491576
2024-10-05-03,84.41206326851014
2024-10-05-04,88.43981246060963
2024-10-05-05,99.00747946787608
2024-10-05-06,106.73603846951512
2024-10-05-07,97.77091528211918
2024-10-05-09,46.749576247198696
2024-10-05-10,5.788499056768736
2024-10-07-00,78.5909684604766
2024-10-07-01,101.20047954353694
2024-10-07-02,93.57885256714366
2024-10-07-03,106.53314069226047
2024-10-07-04,120.54927650618323
2024-10-07-05,141.46790496332173
2024-10-07-06,133.43079888216263
2024-10-07-07,113.89923241348664
2024-10-07-08,78.21320057451847
2024-10-07-09,40.20088393954672
2024-10-07-10,5.068798482877972
2024-10-08-01,111.4752416439557
2024-10-08-03,91.36644002460898
2024-10-08-04,109.05044703298906
2024-10-08-05,117.82627312784346
2024-10-08-06,119.0830747666132
2024-10-08-07,100.805399018545
2024-10-08-08,76.40684291094826
2024-10-08-09,42.51069437339618
2024-10-08-10,5.018500171306116
2024-10-10-00,92.55134327115267
2024-10-10-01,115.97217868962365
2024-10-10-02,105.87229173903984
2024-10-10-03,109.19878834037172
2024-10-10-04,111.19956438399404
2024-10-10-05,119.8834360606187
2024-10-10-06,91.4619379733318
2024-10-10-07,85.39402233731086
2024-10-10-09,34.27252588687965
2024-10-10-10,3.702690103401741
2024-10-12-00,74.58099139859685
2024-10-12-01,92.44533908899652
2024-10-12-02,91.5094378830932
2024-10-12-03,101.54409624321852
2024-10-12-04,99.9048151153224
2024-10-12-05,129.07012599409703
2024-10-12-06,111.3005474878935
2024-10-12-07,103.81540767472436
2024-10-12-08,73.55162830023052
2024-10-12-09,39.894280141193015
2024-10-12-10,5.566918526543304
2024-10-16-00,67.09852866299137
2024-10-16-01,86.53175183934236
2024-10-16-02,99.29806108356328
2024-10-16-03,100.22094286460464
2024-10-16-04,123.35335460553851
2024-10-16-05,124.71887354595223
2024-10-16-06,113.15968902446404
2024-10-16-07,99.3019796023443
2024-10-16-08,63.40243571701241
2024-10-16-09,36.5540319217661
2024-10-16-10,6.49681293964386
2024-10-19-01,121.28321877587015
2024-10-19-02,135.7127957260495
2024-10-19-04,145.05336974061697
2024-10-19-05,160.905879477969
2024-10-19-06,129.40258074131995
2024-10-19-07,120.28902041189288
2024-10-19-08,75.61819297575305
2024-10-19-09,32.95443736858354
2024-10-19-10,3.5465605424510107
2024-10-20-00,60.60190983742002
2024-10-20-01,85.51978114736647
2024-10-20-02,104.02088874914016
2024-10-20-03,109.9057911019098
2024-10-20-04,121.24791336386544
2024-10-20-05,134.48678911071022
2024-10-20-06,128.2464019220242
2024-10-20-07,110.56684955880104
2024-10-20-08,76.19059116238226
2024-10-20-09,34.65724475798755
2024-10-20-10,2.6941558797326355
2024-10-22-00,94.68901013601096
2024-10-22-01,129.67530024808926
2024-10-22-02,150.12444086103883
2024-10-22-03,128.02786853567864
2024-10-22-05,134.55468423601482
2024-10-22-06,94.80210117278337
2024-10-22-07,86.4628111971637
2024-10-22-08,42.02241048662988
2024-10-22-09,28.491217504683423
2024-10-26-00,77.11744840319194
2024-10-26-01,108.93592833759236
2024-10-26-02,115.74267684358594
2024-10-26-03,105.52741545383874
2024-10-26-04,126.27034757255328
2024-10-26-05,127.46928489513596
2024-10-26-06,110.94457236286952
2024-10-26-07,95.20173660502356
2024-10-26-08,63.66131156882118
2024-10-26-09,30.12344904077476
2024-10-29-00,80.18517312575142
2024-10-29-01,113.77489795657836
2024-10-29-02,111.21013953145344
2024-10-29-04,93.77249074498296
2024-10-29-05,83.34729938797723
2024-10-29-06,77.08083779051603
2024-10-29-07,70.60767649665712
2024-10-29-08,44.27784494032179
2024-10-29-09,25.463969550909717
2024-10-31-01,98.6512236902146
2024-10-31-02,105.85080195841712
2024-10-31-03,102.29903302981798
2024-10-31-04,122.10392151726616
2024-10-31-05,105.1917582334296
2024-10-31-06,103.97512933880056
2024-11-01-00,66.87980498892883
2024-11-01-01,104.81748393836796
2024-11-01-02,112.43003590763804
2024-11-01-03,104.90355108224776
2024-11-01-04,99.69656723360582
2024-11-01-05,103.21516965169756
2024-11-01-06,93.3462212642446
2024-11-01-07,72.75692059215501
2024-11-01-08,47.46787798382296
2024-11-01-09,24.59290598672733
2024-11-02-00,72.42620782611485
2024-11-02-01,107.90581202557227
2024-11-02-02,104.5463643590366
2024-11-02-03,92.67925049983982
2024-11-02-04,90.73893363805158
2024-11-02-05,83.76817898729112
2024-11-02-06,75.0091406937161
2024-11-02-07,56.647801960134736
2024-11-02-08,35.096765702623614
2024-11-02-09,25.40177958252137
2024-11-03-00,82.43112186734338
2024-11-03-01,120.46080916652174
2024-11-03-02,113.87019197648938
2024-11-03-03,105.48591581587708
2024-11-03-04,96.50565178322748
2024-11-03-05,96.01784637633423
2024-11-03-06,92.43210691469712
2024-11-03-07,67.43383010421817
2024-11-03-08,39.20286587685638
2024-11-03-09,22.595554973280915
2024-11-04-00,63.69060602393981
2024-11-04-01,100.95489576508488
2024-11-04-02,111.69497648793984
2024-11-04-03,116.75157765555302
2024-11-04-04,124.35273148642943
2024-11-04-05,119.50976021079413
2024-11-04-06,93.50295875455792
2024-11-04-07,81.85174920206222
2024-11-04-08,48.28491420496387
2024-11-04-09,22.167681928717823
2024-11-05-00,86.5296589200156
2024-11-05-01,134.76674674152673
2024-11-05-02,135.38001506774845
2024-11-05-03,123.39640382331778
2024-11-05-04,129.65931877584308
2024-11-05-05,115.30499091678196
2024-11-05-06,93.8998366030211
2024-11-05-07,69.1643077639913
2024-11-05-08,34.04772625515356
2024-11-05-09,23.28330939267133
2024-11-06-00,91.78627651770152
2024-11-06-01,135.70375144637157
2024-11-06-02,133.6862522266729
2024-11-06-03,117.2947496102738
2024-11-06-04,104.70485836822203
2024-11-06-06,89.42846009360719
2024-11-06-07,68.61242768106008
2024-11-06-08,34.61885408347514
2024-11-06-09,22.599565142613685
2024-11-07-00,82.67910840329668
2024-11-07-01,114.52524982142448
2024-11-07-03,102.81496860639608
2024-11-07-04,95.16290333586149
2024-11-07-05,89.48178445353516
2024-11-07-06,76.87176063174294
2024-11-07-07,66.44135234802188
2024-11-07-08,35.71781201968414
2024-11-07-09,21.52529988258065
2024-11-08-00,58.6389340861487
2024-11-08-01,92.11933737417148
2024-11-08-02,98.3889595854623
2024-11-08-04,106.09466500061218
2024-11-08-05,97.7790709681843
2024-11-08-06,87.96697151241634
2024-11-08-07,57.51872207078659
2024-11-08-09,21.91573272999364
2024-11-09-00,46.3559095827133
2024-11-09-01,66.73355833193958
2024-11-09-02,83.49649820047485
2024-11-09-03,96.52314948789844
2024-11-09-04,100.54782817097347
2024-11-09-05,94.4233861706494
2024-11-09-06,89.78115911302113
2024-11-09-07,68.41939675970946
2024-11-09-08,52.26937083503399
2024-11-09-09,20.82610188462196
2024-11-10-00,68.16826809127748
2024-11-10-01,107.50039179087172
2024-11-10-02,105.67868611480984
2024-11-10-03,105.14009155975826
2024-11-10-04,100.03903753462592
2024-11-10-05,90.5937786048938
2024-11-10-06,85.32043045994592
2024-11-10-07,60.552523379555936
2024-11-10-08,36.13661170389818
2024-11-10-09,19.081663478554216
2024-11-11-02,82.04822169586716
2024-11-11-03,92.37358016332291
2024-11-11-04,92.59830544816612
2024-11-11-06,78.97978232517269
2024-11-11-07,62.802060396648606
2024-11-11-08,41.38426193994774
2024-11-11-09,18.64693563481172
2024-11-12-00,47.08107239362172
2024-11-12-02,100.79677643950548
2024-11-12-03,117.17306970790855
2024-11-12-04,113.51621097419014
2024-11-12-05,124.7125380958942
2024-11-12-06,107.97636959997249
2024-11-12-07,90.83003721792232
2024-11-12-08,48.83387777274247
2024-11-12-09,18.34543617671589
2024-11-13-01,76.42528479991424
2024-11-13-02,96.86598596556392
2024-11-13-03,106.62514279569524
2024-11-13-04,114.99869032281543
2024-11-13-05,120.22499289229172
2024-11-13-06,101.63080806645247
2024-11-13-07,84.69268992995197
2024-11-13-08,55.92634585696055
2024-11-13-09,19.142947010924576
2024-11-14-00,51.69740026170647
2024-11-14-01,81.42478943053943
2024-11-14-02,97.18115751400472
2024-11-14-03,114.1906782587613
2024-11-14-04,114.49545015499648
2024-11-14-05,126.4283395489338
2024-11-14-06,95.38893180959876
2024-11-14-07,77.54088688554693
2024-11-14-08,50.73757398499706
2024-11-14-09,17.942291046182312
2024-11-15-00,49.980902418767286
2024-11-15-01,75.59573781746153
2024-11-15-02,86.7353069503259
2024-11-15-03,105.22990469170423
2024-11-15-04,109.16689022597178
2024-11-15-05,130.6096218787779
2024-11-15-06,102.34719280972524
2024-11-15-07,90.34116644326498
2024-11-15-08,57.47373834428657
2024-11-15-09,17.872068520093
2024-11-16-01,87.24889697013448
2024-11-16-02,117.87843389185872
2024-11-16-03,123.91573186774065
2024-11-16-04,122.31032677717828
2024-11-16-05,136.39583678304746
2024-11-16-06,116.44707131538664
2024-11-16-07,92.64223897722027
2024-11-16-08,57.26203572543344
2024-11-16-09,18.491975565965028
2024-11-17-01,101.14433025884884
2024-11-17-02,123.37925077261797
2024-11-17-03,135.130258987479
2024-11-17-04,134.30790883380973
2024-11-17-05,140.74305201681383
2024-11-17-06,117.52336850556638
2024-11-17-07,92.8292843026162
2024-11-17-08,53.00857588203724
2024-11-17-09,17.273063799319445
2024-11-18-00,52.72623214602953
2024-11-18-01,87.60144196292747
2024-11-18-02,119.94508707543206
2024-11-18-03,127.3065926923067
2024-11-18-04,123.09888563454383
2024-11-18-05,135.32135382093375
2024-11-18-06,118.42438948287273
2024-11-18-07,93.63506264520366
2024-11-18-08,57.14867310886324
2024-11-18-09,17.400718085013835
2024-11-19-00,34.28135849833395
2024-11-19-01,66.37349537093434
2024-11-19-02,84.72373246494635
2024-11-19-03,92.61879884449168
2024-11-19-04,109.53757484975056
2024-11-19-05,111.75622761474382
2024-11-19-06,100.3205057339906
2024-11-19-07,76.31048031440793
2024-11-19-08,50.56907035073142
2024-11-19-09,16.663686964485816
2024-11-20-00,58.69501492174919
2024-11-20-01,105.95853573395163
2024-11-20-02,129.88254305230765
2024-11-20-03,133.68819953385372
2024-11-20-04,120.9663206917305
2024-11-20-05,119.19641317046396
2024-11-20-06,113.31261540521838
2024-11-20-07,72.15908167044846
2024-11-20-09,16.590850725759314
2024-11-21-00,72.50421368937513
2024-11-21-01,120.84759252321302
2024-11-21-02,140.96374222064344
2024-11-21-03,144.05622858565764
2024-11-21-04,129.6610247049507
2024-11-21-05,127.2252314418138
2024-11-21-06,107.63627566269092
2024-11-21-07,71.66025399611691
2024-11-21-08,36.04349466028383
2024-11-21-09,16.451403851091033
2024-11-22-00,61.48444608498459
2024-11-22-01,99.3412997128434
2024-11-22-02,114.0378412905868
2024-11-22-03,112.51039680176405
2024-11-22-05,125.84428552552323
2024-11-22-06,99.42792912054117
2024-11-22-07,66.84458559959654
2024-11-22-08,37.60360251729833
2024-11-22-09,16.259643096090937
2024-11-23-00,50.9576514057294
2024-11-23-01,85.27529609979334
2024-11-23-02,103.6101472264994
2024-11-23-03,99.60086450914004
2024-11-23-04,102.97887321938586
2024-11-23-05,116.91291596782706
2024-11-23-06,96.15357591388324
2024-11-23-07,75.37637626004599
2024-11-23-08,45.12678054259598
2024-11-23-09,15.74901110353106
2024-11-24-00,32.12943826536148
2024-11-24-01,59.72716479144831
2024-11-24-02,84.9209924659807
2024-11-24-03,91.76884716710784
2024-11-24-04,93.534430431574
2024-11-24-05,109.68681669059872
2024-11-24-06,96.1857027789135
2024-11-24-07,82.94605601384318
2024-11-24-08,56.54447907642977
2024-11-24-09,15.142679485778643
2024-11-25-00,44.43027232083326
2024-11-25-01,74.64795320931422
2024-11-25-02,94.37074080033628
2024-11-25-03,110.85815672927656
2024-11-25-05,117.91607980807582
2024-11-25-06,99.26503821841654
2024-11-25-07,75.9256924530142
2024-11-25-08,34.32659598563104
2024-11-25-09,14.865982499120936
2024-11-26-00,85.38134905970847
2024-11-26-01,140.1253724581424
2024-11-26-02,173.9386024849335
2024-11-26-03,139.32757383223955
2024-11-26-04,130.7532791552646
2024-11-26-05,121.13085239361725
2024-11-26-06,95.25704370199465
2024-11-26-07,67.28168309526625
2024-11-26-08,32.251577446244646
2024-11-26-09,14.824345007587322
2024-11-27-00,73.36092353476715
2024-11-27-01,129.74414037626232
2024-11-27-02,154.92265028889733
2024-11-27-03,164.73440804331506
2024-11-27-04,147.443374865937
2024-11-27-05,121.74046454163974
2024-11-27-06,111.04924735251224
2024-11-27-07,72.11959573944299
2024-11-27-08,24.39948052638096
2024-11-27-09,14.642489047135626
2024-11-28-01,160.52765943890526
2024-11-28-02,156.65717186519672
2024-11-28-03,147.3613169934794
2024-11-28-04,138.6234372462211
2024-11-28-05,126.85036109143094
2024-11-28-06,113.14096225800265
2024-11-28-07,74.77035897498631
2024-11-28-08,25.403067127872124
2024-11-28-09,15.620801055052066
2024-11-29-00,88.33542273297626
2024-11-29-02,161.96499170195898
2024-11-29-03,152.07286837204128
2024-11-29-04,134.91843157969194
2024-11-29-05,127.01317947796116
2024-11-29-06,117.0972291481892
2024-11-29-07,75.94120113181059
2024-11-29-08,29.24837716119586
2024-11-29-09,14.247031122853082
2024-11-30-00,66.35215096035147
2024-11-30-01,123.1194564944296
2024-11-30-02,140.70843513404475
2024-11-30-03,139.87053450668796
2024-11-30-06,102.1061896111181
2024-11-30-07,66.79380292896167
2024-11-30-08,26.87399467314916
2024-11-30-09,14.860941031646368
2024-12-01-00,75.62064247678234
2024-12-01-01,123.14718619563892
2024-12-01-02,145.79991175191185
2024-12-01-03,136.95043130709007
2024-12-01-04,115.12207949294351
2024-12-01-05,104.23589412334216
2024-12-01-06,93.32536335264524
2024-12-01-07,63.41590844164598
2024-12-01-08,26.416509003607132
2024-12-01-09,14.394898558559069
2024-12-02-00,67.23241331971512
2024-12-02-01,120.5488022241791
2024-12-02-02,145.8129474422028
2024-12-02-03,140.08792819816526
2024-12-02-04,131.82922390256016
2024-12-02-05,124.66784213814142
2024-12-02-06,105.47370746688532
2024-12-02-07,74.95158653585035
2024-12-02-08,31.37916425885909
2024-12-02-09,14.939156023885255
2024-12-03-00,45.20789352899356
2024-12-03-01,89.4770134597759
2024-12-03-02,116.07922318018063
2024-12-03-03,128.87780714812902
2024-12-03-04,123.89822739980777
2024-12-03-06,107.3853234589702
2024-12-03-07,65.94171431843596
2024-12-03-08,33.33051329748223
2024-12-03-09,16.212744739939083
2024-12-04-00,40.05882172727748
2024-12-04-01,73.68928560394546
2024-12-04-02,92.7192586042189
2024-12-04-03,114.58147370361888
2024-12-04-04,115.28913410298372
2024-12-04-05,127.55429127251216
2024-12-04-06,100.72756372143684
2024-12-04-07,69.42014465293921
2024-12-04-08,44.74718016022912
2024-12-04-09,15.985720143274024
2024-12-05-00,52.23667500785604
2024-12-05-01,87.12095632743063
2024-12-05-03,125.5538296405853
2024-12-05-04,131.45170212801173
2024-12-05-05,120.50586042027216
2024-12-05-06,97.33254044078942
2024-12-05-07,65.07135600224484
2024-12-05-08,38.073400229403305
2024-12-05-09,16.26249621869237
2024-12-06-00,56.73721505836595
2024-12-06-01,94.67291498061026
2024-12-06-02,135.34492602940475
2024-12-06-03,133.03049373614834
2024-12-06-04,120.02141861635096
2024-12-06-05,118.19111669969602
2024-12-06-06,89.79632658882745
2024-12-06-08,33.52243600347305
2024-12-06-09,16.436269151980493
2024-12-07-00,47.60942758929774
2024-12-07-01,102.88469639884102
2024-12-07-02,126.76306632057066
2024-12-07-03,128.5120773812896
2024-12-07-04,136.5102649005447
2024-12-07-05,124.639218507049
2024-12-07-06,105.50768261305934
2024-12-07-07,69.21467863785453
2024-12-07-08,35.20834633028443
2024-12-07-09,15.888397686017887
2024-12-08-00,65.45207927827889
2024-12-08-01,127.35528759503713
2024-12-08-02,145.18548054376052
2024-12-08-03,145.64514900643965
2024-12-08-04,139.50686257519976
2024-12-08-06,120.911161330449
2024-12-08-07,74.7998701159842
2024-12-08-08,39.38319341740857
2024-12-08-09,15.438505339524385
2024-12-09-01,59.03931916211945
2024-12-09-02,86.7309240701226
2024-12-09-03,101.0816830107626
2024-12-09-04,104.7012316885152
2024-12-09-05,105.74387935540707
2024-12-09-06,96.41450998778988
2024-12-09-07,68.36115546373382
2024-12-09-08,45.875650646723344
2024-12-09-09,15.536412978732685
2024-12-10-00,33.238079191666344
2024-12-10-01,61.17675701291535
2024-12-10-02,82.30975678610424
2024-12-10-03,98.35230847385232
2024-12-10-04,98.67745127752104
2024-12-10-05,112.48385036317129
2024-12-10-06,97.4387324428861
2024-12-10-07,72.07844115563802
2024-12-10-08,51.487039989977546
2024-12-10-09,14.815755141659231
2024-12-11-00,39.52130266212872
2024-12-11-01,75.45945069930397
2024-12-11-02,109.48544926749037
2024-12-11-03,121.12457090068256
2024-12-11-04,105.2129294216466
2024-12-11-05,107.11199797798622
2024-12-11-06,100.31000129965062
2024-12-11-07,63.30647050965494
2024-12-11-08,37.907075083280326
2024-12-11-09,16.115824670988463
2024-12-12-00,32.60929229301197
2024-12-12-01,59.56487596437801
2024-12-12-02,81.75188775710456
2024-12-12-03,97.80827785788644
2024-12-12-04,93.56567053725226
2024-12-12-05,99.78471017014031
2024-12-12-06,101.59591838536946
2024-12-12-07,76.98760645650681
2024-12-12-08,52.03098490806809
2024-12-12-09,16.62379497448858
2024-12-13-01,95.1452837793865
2024-12-13-02,126.31588221539744
2024-12-13-03,136.71003282448973
2024-12-13-04,144.55478457616184
2024-12-13-05,136.02038347800908
2024-12-13-06,111.83780181242687
2024-12-13-07,75.98045827901423
2024-12-13-09,17.153932161076266
2024-12-14-00,62.766995552624046
2024-12-14-01,122.07147978506586
2024-12-14-02,154.58178050625574
2024-12-14-03,158.31786055471025
2024-12-14-04,140.59446363411624
2024-12-14-05,131.30778806609365
2024-12-14-06,112.99465781151302
2024-12-14-07,73.93936794834205
2024-12-14-08,22.52154895122422
2024-12-14-09,14.903516761047973
2024-12-15-00,69.42226760951644
2024-12-15-01,133.78187628995883
2024-12-15-02,171.0579543239456
2024-12-15-03,164.3379547826979
2024-12-15-05,141.10236443629452
2024-12-15-06,130.82584420779247
2024-12-15-07,78.58597714064614
2024-12-15-08,27.315870962293907
2024-12-15-09,16.194938274994737
2024-12-16-00,67.80947606709212
2024-12-16-01,130.1927123287443
2024-12-16-02,163.83878400359873
2024-12-16-04,148.77332814504229
2024-12-16-05,131.94004806705604
2024-12-16-06,109.5487255764892
2024-12-16-07,72.97610928664206
2024-12-16-08,25.11734918103016
2024-12-16-09,15.236896505458386
2024-12-17-00,55.34246366062818
2024-12-17-01,106.76227888684032
2024-12-17-02,136.73958584276835
2024-12-17-04,135.19115893118004
2024-12-17-05,119.6291384285545
2024-12-17-06,102.60981505203787
2024-12-17-07,67.8485402651821
2024-12-17-08,26.834982671746083
2024-12-17-09,15.624003658726297
2024-12-18-01,113.74352516000236
2024-12-18-02,142.58318129532302
2024-12-18-03,143.6724811784048
2024-12-18-04,139.09515098772388
2024-12-18-05,123.18766286005564
2024-12-18-06,100.42280019487056
2024-12-18-07,64.7315934300816
2024-12-18-08,28.55066025547388
2024-12-18-09,16.910629225667865
2024-12-19-00,44.83496772276707
2024-12-19-01,73.93939435148921
2024-12-19-02,77.97177197688521
2024-12-19-03,76.38784903388868
2024-12-19-04,77.86977725024539
2024-12-19-05,81.1217308890957
2024-12-19-06,74.44959005619322
2024-12-19-07,53.163432207710095
2024-12-19-08,31.953052250269
2024-12-19-09,15.883023718701018
2024-12-20-00,51.52520798104536
2024-12-20-01,83.65185877654251
2024-12-20-02,116.98266951018265
2024-12-20-03,110.9156303544249
2024-12-20-04,114.22352642049827
2024-12-20-05,96.76994061682257
2024-12-20-06,80.80599731925564
2024-12-20-07,53.28457070104882
2024-12-20-08,29.077401559435224
2024-12-20-09,18.364488624384578
2024-12-21-01,110.78272486106228
2024-12-21-02,149.61434614909024
2024-12-21-03,150.30996381293403
2024-12-21-04,135.49174211284154
2024-12-21-05,127.32644134915964
2024-12-21-06,114.11008340271133
2024-12-21-07,78.88953393418777
2024-12-21-08,31.697786907025375
2024-12-21-09,18.474141743133742
2024-12-22-00,53.169393051633314
2024-12-22-01,106.98179255345696
2024-12-22-02,136.52900617840194
2024-12-22-03,132.44953894466823
2024-12-22-04,113.32190665293469
2024-12-22-05,123.95052532697838
