timestamp,Mean_Bias_Mean,Mean_Bias_Median,Mean_Bias_Std,File
2024-10-01 01:00:00,129.7087634078066,129.7087634078066,,MSP3_PMSC_ENGSOLMFC_SSI_CHN_4KM_20241001010000_0000-0000.CSV
2024-10-01 02:00:00,135.33909429142204,135.33909429142204,,MSP3_PMSC_ENGSOLMFC_SSI_CHN_4KM_20241001020000_0000-0000.CSV
2024-10-01 03:00:00,142.23144390940124,142.23144390940124,,MSP3_PMSC_ENGSOLMFC_SSI_CHN_4KM_20241001030000_0000-0000.CSV
2024-10-01 04:00:00,148.0671817072716,148.0671817072716,,MSP3_PMSC_ENGSOLMFC_SSI_CHN_4KM_20241001040000_0000-0000.CSV
2024-10-01 06:00:00,138.17749214089503,138.17749214089503,,MSP3_PMSC_ENGSOLMFC_SSI_CHN_4KM_20241001060000_0000-0000.CSV
2024-10-01 07:00:00,121.49758190725272,121.49758190725272,,MSP3_PMSC_ENGSOLMFC_SSI_CHN_4KM_20241001070000_0000-0000.CSV
2024-10-01 08:00:00,82.88016334189685,82.88016334189685,,MSP3_PMSC_ENGSOLMFC_SSI_CHN_4KM_20241001080000_0000-0000.CSV
2024-10-01 09:00:00,43.98671895040138,43.98671895040138,,MSP3_PMSC_ENGSOLMFC_SSI_CHN_4KM_20241001090000_0000-0000.CSV
2024-10-01 10:00:00,7.753106389928496,7.753106389928496,,MSP3_PMSC_ENGSOLMFC_SSI_CHN_4KM_20241001100000_0000-0000.CSV
2024-10-01 11:00:00,,,,MSP3_PMSC_ENGSOLMFC_SSI_CHN_4KM_20241001110000_0000-0000.CSV
2024-10-03 00:00:00,142.3675810921684,142.3675810921684,,MSP3_PMSC_ENGSOLMFC_SSI_CHN_4KM_20241003000000_0000-0000.CSV
2024-10-03 01:00:00,154.91720893394643,154.91720893394643,,MSP3_PMSC_ENGSOLMFC_SSI_CHN_4KM_20241003010000_0000-0000.CSV
2024-10-03 02:00:00,139.60694626048735,139.60694626048735,,MSP3_PMSC_ENGSOLMFC_SSI_CHN_4KM_20241003020000_0000-0000.CSV
2024-10-03 03:00:00,122.72878824522074,122.72878824522074,,MSP3_PMSC_ENGSOLMFC_SSI_CHN_4KM_20241003030000_0000-0000.CSV
2024-10-03 04:00:00,126.38201978960144,126.38201978960144,,MSP3_PMSC_ENGSOLMFC_SSI_CHN_4KM_20241003040000_0000-0000.CSV
2024-10-03 05:00:00,123.24523502543614,123.24523502543614,,MSP3_PMSC_ENGSOLMFC_SSI_CHN_4KM_20241003050000_0000-0000.CSV
2024-10-03 06:00:00,101.42385118018257,101.42385118018257,,MSP3_PMSC_ENGSOLMFC_SSI_CHN_4KM_20241003060000_0000-0000.CSV
2024-10-03 07:00:00,99.46043832349018,99.46043832349018,,MSP3_PMSC_ENGSOLMFC_SSI_CHN_4KM_20241003070000_0000-0000.CSV
2024-10-03 08:00:00,70.18416280625058,70.18416280625058,,MSP3_PMSC_ENGSOLMFC_SSI_CHN_4KM_20241003080000_0000-0000.CSV
2024-10-03 09:00:00,33.60103929924046,33.60103929924046,,MSP3_PMSC_ENGSOLMFC_SSI_CHN_4KM_20241003090000_0000-0000.CSV
2024-10-03 10:00:00,6.671178869878739,6.671178869878739,,MSP3_PMSC_ENGSOLMFC_SSI_CHN_4KM_20241003100000_0000-0000.CSV
2024-10-03 11:00:00,,,,MSP3_PMSC_ENGSOLMFC_SSI_CHN_4KM_20241003110000_0000-0000.CSV
2024-10-04 00:00:00,118.84534714135668,118.84534714135668,,MSP3_PMSC_ENGSOLMFC_SSI_CHN_4KM_20241004000000_0000-0000.CSV
2024-10-04 01:00:00,136.8649714506929,136.8649714506929,,MSP3_PMSC_ENGSOLMFC_SSI_CHN_4KM_20241004010000_0000-0000.CSV
2024-10-04 02:00:00,111.42826954015636,111.42826954015636,,MSP3_PMSC_ENGSOLMFC_SSI_CHN_4KM_20241004020000_0000-0000.CSV
2024-10-04 03:00:00,124.74484228217788,124.74484228217788,,MSP3_PMSC_ENGSOLMFC_SSI_CHN_4KM_20241004030000_0000-0000.CSV
2024-10-04 04:00:00,116.650467591838,116.650467591838,,MSP3_PMSC_ENGSOLMFC_SSI_CHN_4KM_20241004040000_0000-0000.CSV
2024-10-04 05:00:00,119.81030857890131,119.81030857890131,,MSP3_PMSC_ENGSOLMFC_SSI_CHN_4KM_20241004050000_0000-0000.CSV
2024-10-04 06:00:00,103.71885265246624,103.71885265246624,,MSP3_PMSC_ENGSOLMFC_SSI_CHN_4KM_20241004060000_0000-0000.CSV
2024-10-04 07:00:00,97.21990929027594,97.21990929027594,,MSP3_PMSC_ENGSOLMFC_SSI_CHN_4KM_20241004070000_0000-0000.CSV
2024-10-04 08:00:00,63.27997532865078,63.27997532865078,,MSP3_PMSC_ENGSOLMFC_SSI_CHN_4KM_20241004080000_0000-0000.CSV
2024-10-04 09:00:00,34.35928157341298,34.35928157341298,,MSP3_PMSC_ENGSOLMFC_SSI_CHN_4KM_20241004090000_0000-0000.CSV
2024-10-04 10:00:00,6.790467870701487,6.790467870701487,,MSP3_PMSC_ENGSOLMFC_SSI_CHN_4KM_20241004100000_0000-0000.CSV
2024-10-04 11:00:00,,,,MSP3_PMSC_ENGSOLMFC_SSI_CHN_4KM_20241004110000_0000-0000.CSV
2024-10-05 00:00:00,69.90731239264892,69.90731239264892,,MSP3_PMSC_ENGSOLMFC_SSI_CHN_4KM_20241005000000_0000-0000.CSV
2024-10-05 01:00:00,73.60303934508855,73.60303934508855,,MSP3_PMSC_ENGSOLMFC_SSI_CHN_4KM_20241005010000_0000-0000.CSV
2024-10-05 02:00:00,90.19899966491576,90.19899966491576,,MSP3_PMSC_ENGSOLMFC_SSI_CHN_4KM_20241005020000_0000-0000.CSV
2024-10-05 03:00:00,84.41206326851014,84.41206326851014,,MSP3_PMSC_ENGSOLMFC_SSI_CHN_4KM_20241005030000_0000-0000.CSV
2024-10-05 04:00:00,88.43981246060963,88.43981246060963,,MSP3_PMSC_ENGSOLMFC_SSI_CHN_4KM_20241005040000_0000-0000.CSV
2024-10-05 05:00:00,99.00747946787608,99.00747946787608,,MSP3_PMSC_ENGSOLMFC_SSI_CHN_4KM_20241005050000_0000-0000.CSV
2024-10-05 06:00:00,106.73603846951512,106.73603846951512,,MSP3_PMSC_ENGSOLMFC_SSI_CHN_4KM_20241005060000_0000-0000.CSV
2024-10-05 07:00:00,97.77091528211918,97.77091528211918,,MSP3_PMSC_ENGSOLMFC_SSI_CHN_4KM_20241005070000_0000-0000.CSV
2024-10-05 09:00:00,46.749576247198696,46.749576247198696,,MSP3_PMSC_ENGSOLMFC_SSI_CHN_4KM_20241005090000_0000-0000.CSV
2024-10-05 10:00:00,5.788499056768736,5.788499056768736,,MSP3_PMSC_ENGSOLMFC_SSI_CHN_4KM_20241005100000_0000-0000.CSV
2024-10-05 11:00:00,,,,MSP3_PMSC_ENGSOLMFC_SSI_CHN_4KM_20241005110000_0000-0000.CSV
2024-10-07 00:00:00,78.5909684604766,78.5909684604766,,MSP3_PMSC_ENGSOLMFC_SSI_CHN_4KM_20241007000000_0000-0000.CSV
2024-10-07 01:00:00,101.20047954353694,101.20047954353694,,MSP3_PMSC_ENGSOLMFC_SSI_CHN_4KM_20241007010000_0000-0000.CSV
2024-10-07 02:00:00,93.57885256714366,93.57885256714366,,MSP3_PMSC_ENGSOLMFC_SSI_CHN_4KM_20241007020000_0000-0000.CSV
2024-10-07 03:00:00,106.53314069226047,106.53314069226047,,MSP3_PMSC_ENGSOLMFC_SSI_CHN_4KM_20241007030000_0000-0000.CSV
2024-10-07 04:00:00,120.54927650618323,120.54927650618323,,MSP3_PMSC_ENGSOLMFC_SSI_CHN_4KM_20241007040000_0000-0000.CSV
2024-10-07 05:00:00,141.46790496332173,141.46790496332173,,MSP3_PMSC_ENGSOLMFC_SSI_CHN_4KM_20241007050000_0000-0000.CSV
2024-10-07 06:00:00,133.43079888216263,133.43079888216263,,MSP3_PMSC_ENGSOLMFC_SSI_CHN_4KM_20241007060000_0000-0000.CSV
2024-10-07 07:00:00,113.89923241348664,113.89923241348664,,MSP3_PMSC_ENGSOLMFC_SSI_CHN_4KM_20241007070000_0000-0000.CSV
2024-10-07 08:00:00,78.21320057451847,78.21320057451847,,MSP3_PMSC_ENGSOLMFC_SSI_CHN_4KM_20241007080000_0000-0000.CSV
2024-10-07 09:00:00,40.20088393954672,40.20088393954672,,MSP3_PMSC_ENGSOLMFC_SSI_CHN_4KM_20241007090000_0000-0000.CSV
2024-10-07 10:00:00,5.068798482877972,5.068798482877972,,MSP3_PMSC_ENGSOLMFC_SSI_CHN_4KM_20241007100000_0000-0000.CSV
2024-10-07 11:00:00,,,,MSP3_PMSC_ENGSOLMFC_SSI_CHN_4KM_20241007110000_0000-0000.CSV
2024-10-08 01:00:00,111.4752416439557,111.4752416439557,,MSP3_PMSC_ENGSOLMFC_SSI_CHN_4KM_20241008010000_0000-0000.CSV
2024-10-08 03:00:00,91.36644002460898,91.36644002460898,,MSP3_PMSC_ENGSOLMFC_SSI_CHN_4KM_20241008030000_0000-0000.CSV
2024-10-08 04:00:00,109.05044703298906,109.05044703298906,,MSP3_PMSC_ENGSOLMFC_SSI_CHN_4KM_20241008040000_0000-0000.CSV
2024-10-08 05:00:00,117.82627312784346,117.82627312784346,,MSP3_PMSC_ENGSOLMFC_SSI_CHN_4KM_20241008050000_0000-0000.CSV
2024-10-08 06:00:00,119.0830747666132,119.0830747666132,,MSP3_PMSC_ENGSOLMFC_SSI_CHN_4KM_20241008060000_0000-0000.CSV
2024-10-08 07:00:00,100.805399018545,100.805399018545,,MSP3_PMSC_ENGSOLMFC_SSI_CHN_4KM_20241008070000_0000-0000.CSV
2024-10-08 08:00:00,76.40684291094826,76.40684291094826,,MSP3_PMSC_ENGSOLMFC_SSI_CHN_4KM_20241008080000_0000-0000.CSV
2024-10-08 09:00:00,42.51069437339618,42.51069437339618,,MSP3_PMSC_ENGSOLMFC_SSI_CHN_4KM_20241008090000_0000-0000.CSV
2024-10-08 10:00:00,5.018500171306116,5.018500171306116,,MSP3_PMSC_ENGSOLMFC_SSI_CHN_4KM_20241008100000_0000-0000.CSV
2024-10-08 11:00:00,,,,MSP3_PMSC_ENGSOLMFC_SSI_CHN_4KM_20241008110000_0000-0000.CSV
2024-10-10 00:00:00,92.55134327115267,92.55134327115267,,MSP3_PMSC_ENGSOLMFC_SSI_CHN_4KM_20241010000000_0000-0000.CSV
2024-10-10 01:00:00,115.97217868962365,115.97217868962365,,MSP3_PMSC_ENGSOLMFC_SSI_CHN_4KM_20241010010000_0000-0000.CSV
2024-10-10 02:00:00,105.87229173903984,105.87229173903984,,MSP3_PMSC_ENGSOLMFC_SSI_CHN_4KM_20241010020000_0000-0000.CSV
2024-10-10 03:00:00,109.19878834037172,109.19878834037172,,MSP3_PMSC_ENGSOLMFC_SSI_CHN_4KM_20241010030000_0000-0000.CSV
2024-10-10 04:00:00,111.19956438399404,111.19956438399404,,MSP3_PMSC_ENGSOLMFC_SSI_CHN_4KM_20241010040000_0000-0000.CSV
2024-10-10 05:00:00,119.8834360606187,119.8834360606187,,MSP3_PMSC_ENGSOLMFC_SSI_CHN_4KM_20241010050000_0000-0000.CSV
2024-10-10 06:00:00,91.4619379733318,91.4619379733318,,MSP3_PMSC_ENGSOLMFC_SSI_CHN_4KM_20241010060000_0000-0000.CSV
2024-10-10 07:00:00,85.39402233731086,85.39402233731086,,MSP3_PMSC_ENGSOLMFC_SSI_CHN_4KM_20241010070000_0000-0000.CSV
2024-10-10 09:00:00,34.27252588687965,34.27252588687965,,MSP3_PMSC_ENGSOLMFC_SSI_CHN_4KM_20241010090000_0000-0000.CSV
2024-10-10 10:00:00,3.702690103401741,3.702690103401741,,MSP3_PMSC_ENGSOLMFC_SSI_CHN_4KM_20241010100000_0000-0000.CSV
2024-10-10 11:00:00,,,,MSP3_PMSC_ENGSOLMFC_SSI_CHN_4KM_20241010110000_0000-0000.CSV
2024-10-12 00:00:00,74.58099139859685,74.58099139859685,,MSP3_PMSC_ENGSOLMFC_SSI_CHN_4KM_20241012000000_0000-0000.CSV
2024-10-12 01:00:00,92.44533908899652,92.44533908899652,,MSP3_PMSC_ENGSOLMFC_SSI_CHN_4KM_20241012010000_0000-0000.CSV
2024-10-12 02:00:00,91.5094378830932,91.5094378830932,,MSP3_PMSC_ENGSOLMFC_SSI_CHN_4KM_20241012020000_0000-0000.CSV
2024-10-12 03:00:00,101.54409624321852,101.54409624321852,,MSP3_PMSC_ENGSOLMFC_SSI_CHN_4KM_20241012030000_0000-0000.CSV
2024-10-12 04:00:00,99.9048151153224,99.9048151153224,,MSP3_PMSC_ENGSOLMFC_SSI_CHN_4KM_20241012040000_0000-0000.CSV
2024-10-12 05:00:00,129.07012599409703,129.07012599409703,,MSP3_PMSC_ENGSOLMFC_SSI_CHN_4KM_20241012050000_0000-0000.CSV
2024-10-12 06:00:00,111.3005474878935,111.3005474878935,,MSP3_PMSC_ENGSOLMFC_SSI_CHN_4KM_20241012060000_0000-0000.CSV
2024-10-12 07:00:00,103.81540767472436,103.81540767472436,,MSP3_PMSC_ENGSOLMFC_SSI_CHN_4KM_20241012070000_0000-0000.CSV
2024-10-12 08:00:00,73.55162830023052,73.55162830023052,,MSP3_PMSC_ENGSOLMFC_SSI_CHN_4KM_20241012080000_0000-0000.CSV
2024-10-12 09:00:00,39.894280141193015,39.894280141193015,,MSP3_PMSC_ENGSOLMFC_SSI_CHN_4KM_20241012090000_0000-0000.CSV
2024-10-12 10:00:00,5.566918526543304,5.566918526543304,,MSP3_PMSC_ENGSOLMFC_SSI_CHN_4KM_20241012100000_0000-0000.CSV
2024-10-12 11:00:00,,,,MSP3_PMSC_ENGSOLMFC_SSI_CHN_4KM_20241012110000_0000-0000.CSV
2024-10-16 00:00:00,67.09852866299137,67.09852866299137,,MSP3_PMSC_ENGSOLMFC_SSI_CHN_4KM_20241016000000_0000-0000.CSV
2024-10-16 01:00:00,86.53175183934236,86.53175183934236,,MSP3_PMSC_ENGSOLMFC_SSI_CHN_4KM_20241016010000_0000-0000.CSV
2024-10-16 02:00:00,99.29806108356328,99.29806108356328,,MSP3_PMSC_ENGSOLMFC_SSI_CHN_4KM_20241016020000_0000-0000.CSV
2024-10-16 03:00:00,100.22094286460464,100.22094286460464,,MSP3_PMSC_ENGSOLMFC_SSI_CHN_4KM_20241016030000_0000-0000.CSV
2024-10-16 04:00:00,123.35335460553851,123.35335460553851,,MSP3_PMSC_ENGSOLMFC_SSI_CHN_4KM_20241016040000_0000-0000.CSV
2024-10-16 05:00:00,124.71887354595223,124.71887354595223,,MSP3_PMSC_ENGSOLMFC_SSI_CHN_4KM_20241016050000_0000-0000.CSV
2024-10-16 06:00:00,113.15968902446404,113.15968902446404,,MSP3_PMSC_ENGSOLMFC_SSI_CHN_4KM_20241016060000_0000-0000.CSV
2024-10-16 07:00:00,99.3019796023443,99.3019796023443,,MSP3_PMSC_ENGSOLMFC_SSI_CHN_4KM_20241016070000_0000-0000.CSV
2024-10-16 08:00:00,63.40243571701241,63.40243571701241,,MSP3_PMSC_ENGSOLMFC_SSI_CHN_4KM_20241016080000_0000-0000.CSV
2024-10-16 09:00:00,36.5540319217661,36.5540319217661,,MSP3_PMSC_ENGSOLMFC_SSI_CHN_4KM_20241016090000_0000-0000.CSV
2024-10-16 10:00:00,6.49681293964386,6.49681293964386,,MSP3_PMSC_ENGSOLMFC_SSI_CHN_4KM_20241016100000_0000-0000.CSV
2024-10-16 11:00:00,,,,MSP3_PMSC_ENGSOLMFC_SSI_CHN_4KM_20241016110000_0000-0000.CSV
2024-10-19 01:00:00,121.28321877587015,121.28321877587015,,MSP3_PMSC_ENGSOLMFC_SSI_CHN_4KM_20241019010000_0000-0000.CSV
2024-10-19 02:00:00,135.7127957260495,135.7127957260495,,MSP3_PMSC_ENGSOLMFC_SSI_CHN_4KM_20241019020000_0000-0000.CSV
2024-10-19 04:00:00,145.05336974061697,145.05336974061697,,MSP3_PMSC_ENGSOLMFC_SSI_CHN_4KM_20241019040000_0000-0000.CSV
2024-10-19 05:00:00,160.905879477969,160.905879477969,,MSP3_PMSC_ENGSOLMFC_SSI_CHN_4KM_20241019050000_0000-0000.CSV
2024-10-19 06:00:00,129.40258074131995,129.40258074131995,,MSP3_PMSC_ENGSOLMFC_SSI_CHN_4KM_20241019060000_0000-0000.CSV
2024-10-19 07:00:00,120.28902041189288,120.28902041189288,,MSP3_PMSC_ENGSOLMFC_SSI_CHN_4KM_20241019070000_0000-0000.CSV
2024-10-19 08:00:00,75.61819297575305,75.61819297575305,,MSP3_PMSC_ENGSOLMFC_SSI_CHN_4KM_20241019080000_0000-0000.CSV
2024-10-19 09:00:00,32.95443736858354,32.95443736858354,,MSP3_PMSC_ENGSOLMFC_SSI_CHN_4KM_20241019090000_0000-0000.CSV
2024-10-19 10:00:00,3.5465605424510107,3.5465605424510107,,MSP3_PMSC_ENGSOLMFC_SSI_CHN_4KM_20241019100000_0000-0000.CSV
2024-10-19 11:00:00,,,,MSP3_PMSC_ENGSOLMFC_SSI_CHN_4KM_20241019110000_0000-0000.CSV
2024-10-20 00:00:00,60.60190983742002,60.60190983742002,,MSP3_PMSC_ENGSOLMFC_SSI_CHN_4KM_20241020000000_0000-0000.CSV
2024-10-20 01:00:00,85.51978114736647,85.51978114736647,,MSP3_PMSC_ENGSOLMFC_SSI_CHN_4KM_20241020010000_0000-0000.CSV
2024-10-20 02:00:00,104.02088874914016,104.02088874914016,,MSP3_PMSC_ENGSOLMFC_SSI_CHN_4KM_20241020020000_0000-0000.CSV
2024-10-20 03:00:00,109.9057911019098,109.9057911019098,,MSP3_PMSC_ENGSOLMFC_SSI_CHN_4KM_20241020030000_0000-0000.CSV
2024-10-20 04:00:00,121.24791336386544,121.24791336386544,,MSP3_PMSC_ENGSOLMFC_SSI_CHN_4KM_20241020040000_0000-0000.CSV
2024-10-20 05:00:00,134.48678911071022,134.48678911071022,,MSP3_PMSC_ENGSOLMFC_SSI_CHN_4KM_20241020050000_0000-0000.CSV
2024-10-20 06:00:00,128.2464019220242,128.2464019220242,,MSP3_PMSC_ENGSOLMFC_SSI_CHN_4KM_20241020060000_0000-0000.CSV
2024-10-20 07:00:00,110.56684955880104,110.56684955880104,,MSP3_PMSC_ENGSOLMFC_SSI_CHN_4KM_20241020070000_0000-0000.CSV
2024-10-20 08:00:00,76.19059116238226,76.19059116238226,,MSP3_PMSC_ENGSOLMFC_SSI_CHN_4KM_20241020080000_0000-0000.CSV
2024-10-20 09:00:00,34.65724475798755,34.65724475798755,,MSP3_PMSC_ENGSOLMFC_SSI_CHN_4KM_20241020090000_0000-0000.CSV
2024-10-20 10:00:00,2.6941558797326355,2.6941558797326355,,MSP3_PMSC_ENGSOLMFC_SSI_CHN_4KM_20241020100000_0000-0000.CSV
2024-10-20 11:00:00,,,,MSP3_PMSC_ENGSOLMFC_SSI_CHN_4KM_20241020110000_0000-0000.CSV
2024-10-22 00:00:00,94.68901013601096,94.68901013601096,,MSP3_PMSC_ENGSOLMFC_SSI_CHN_4KM_20241022000000_0000-0000.CSV
2024-10-22 01:00:00,129.67530024808926,129.67530024808926,,MSP3_PMSC_ENGSOLMFC_SSI_CHN_4KM_20241022010000_0000-0000.CSV
2024-10-22 02:00:00,150.12444086103883,150.12444086103883,,MSP3_PMSC_ENGSOLMFC_SSI_CHN_4KM_20241022020000_0000-0000.CSV
2024-10-22 03:00:00,128.02786853567864,128.02786853567864,,MSP3_PMSC_ENGSOLMFC_SSI_CHN_4KM_20241022030000_0000-0000.CSV
2024-10-22 05:00:00,134.55468423601482,134.55468423601482,,MSP3_PMSC_ENGSOLMFC_SSI_CHN_4KM_20241022050000_0000-0000.CSV
2024-10-22 06:00:00,94.80210117278337,94.80210117278337,,MSP3_PMSC_ENGSOLMFC_SSI_CHN_4KM_20241022060000_0000-0000.CSV
2024-10-22 07:00:00,86.4628111971637,86.4628111971637,,MSP3_PMSC_ENGSOLMFC_SSI_CHN_4KM_20241022070000_0000-0000.CSV
2024-10-22 08:00:00,42.02241048662988,42.02241048662988,,MSP3_PMSC_ENGSOLMFC_SSI_CHN_4KM_20241022080000_0000-0000.CSV
2024-10-22 09:00:00,28.491217504683423,28.491217504683423,,MSP3_PMSC_ENGSOLMFC_SSI_CHN_4KM_20241022090000_0000-0000.CSV
2024-10-22 11:00:00,,,,MSP3_PMSC_ENGSOLMFC_SSI_CHN_4KM_20241022110000_0000-0000.CSV
2024-10-26 00:00:00,77.11744840319194,77.11744840319194,,MSP3_PMSC_ENGSOLMFC_SSI_CHN_4KM_20241026000000_0000-0000.CSV
2024-10-26 01:00:00,108.93592833759236,108.93592833759236,,MSP3_PMSC_ENGSOLMFC_SSI_CHN_4KM_20241026010000_0000-0000.CSV
2024-10-26 02:00:00,115.74267684358594,115.74267684358594,,MSP3_PMSC_ENGSOLMFC_SSI_CHN_4KM_20241026020000_0000-0000.CSV
2024-10-26 03:00:00,105.52741545383874,105.52741545383874,,MSP3_PMSC_ENGSOLMFC_SSI_CHN_4KM_20241026030000_0000-0000.CSV
2024-10-26 04:00:00,126.27034757255328,126.27034757255328,,MSP3_PMSC_ENGSOLMFC_SSI_CHN_4KM_20241026040000_0000-0000.CSV
2024-10-26 05:00:00,127.46928489513596,127.46928489513596,,MSP3_PMSC_ENGSOLMFC_SSI_CHN_4KM_20241026050000_0000-0000.CSV
2024-10-26 06:00:00,110.94457236286952,110.94457236286952,,MSP3_PMSC_ENGSOLMFC_SSI_CHN_4KM_20241026060000_0000-0000.CSV
2024-10-26 07:00:00,95.20173660502356,95.20173660502356,,MSP3_PMSC_ENGSOLMFC_SSI_CHN_4KM_20241026070000_0000-0000.CSV
2024-10-26 08:00:00,63.66131156882118,63.66131156882118,,MSP3_PMSC_ENGSOLMFC_SSI_CHN_4KM_20241026080000_0000-0000.CSV
2024-10-26 09:00:00,30.12344904077476,30.12344904077476,,MSP3_PMSC_ENGSOLMFC_SSI_CHN_4KM_20241026090000_0000-0000.CSV
2024-10-26 11:00:00,,,,MSP3_PMSC_ENGSOLMFC_SSI_CHN_4KM_20241026110000_0000-0000.CSV
2024-10-29 00:00:00,80.18517312575142,80.18517312575142,,MSP3_PMSC_ENGSOLMFC_SSI_CHN_4KM_20241029000000_0000-0000.CSV
2024-10-29 01:00:00,113.77489795657836,113.77489795657836,,MSP3_PMSC_ENGSOLMFC_SSI_CHN_4KM_20241029010000_0000-0000.CSV
2024-10-29 02:00:00,111.21013953145344,111.21013953145344,,MSP3_PMSC_ENGSOLMFC_SSI_CHN_4KM_20241029020000_0000-0000.CSV
2024-10-29 04:00:00,93.77249074498296,93.77249074498296,,MSP3_PMSC_ENGSOLMFC_SSI_CHN_4KM_20241029040000_0000-0000.CSV
2024-10-29 05:00:00,83.34729938797723,83.34729938797723,,MSP3_PMSC_ENGSOLMFC_SSI_CHN_4KM_20241029050000_0000-0000.CSV
2024-10-29 06:00:00,77.08083779051603,77.08083779051603,,MSP3_PMSC_ENGSOLMFC_SSI_CHN_4KM_20241029060000_0000-0000.CSV
2024-10-29 07:00:00,70.60767649665712,70.60767649665712,,MSP3_PMSC_ENGSOLMFC_SSI_CHN_4KM_20241029070000_0000-0000.CSV
2024-10-29 08:00:00,44.27784494032179,44.27784494032179,,MSP3_PMSC_ENGSOLMFC_SSI_CHN_4KM_20241029080000_0000-0000.CSV
2024-10-29 09:00:00,25.463969550909717,25.463969550909717,,MSP3_PMSC_ENGSOLMFC_SSI_CHN_4KM_20241029090000_0000-0000.CSV
2024-10-29 10:00:00,,,,MSP3_PMSC_ENGSOLMFC_SSI_CHN_4KM_20241029100000_0000-0000.CSV
2024-10-29 11:00:00,,,,MSP3_PMSC_ENGSOLMFC_SSI_CHN_4KM_20241029110000_0000-0000.CSV
2024-10-31 01:00:00,98.6512236902146,98.6512236902146,,MSP3_PMSC_ENGSOLMFC_SSI_CHN_4KM_20241031010000_0000-0000.CSV
2024-10-31 02:00:00,105.85080195841712,105.85080195841712,,MSP3_PMSC_ENGSOLMFC_SSI_CHN_4KM_20241031020000_0000-0000.CSV
2024-10-31 03:00:00,102.29903302981798,102.29903302981798,,MSP3_PMSC_ENGSOLMFC_SSI_CHN_4KM_20241031030000_0000-0000.CSV
2024-10-31 04:00:00,122.10392151726616,122.10392151726616,,MSP3_PMSC_ENGSOLMFC_SSI_CHN_4KM_20241031040000_0000-0000.CSV
2024-10-31 05:00:00,105.1917582334296,105.1917582334296,,MSP3_PMSC_ENGSOLMFC_SSI_CHN_4KM_20241031050000_0000-0000.CSV
2024-10-31 06:00:00,103.97512933880056,103.97512933880056,,MSP3_PMSC_ENGSOLMFC_SSI_CHN_4KM_20241031060000_0000-0000.CSV
2024-11-01 00:00:00,66.87980498892883,66.87980498892883,,MSP3_PMSC_ENGSOLMFC_SSI_CHN_4KM_20241101000000_0000-0000.CSV
2024-11-01 01:00:00,104.81748393836796,104.81748393836796,,MSP3_PMSC_ENGSOLMFC_SSI_CHN_4KM_20241101010000_0000-0000.CSV
2024-11-01 02:00:00,112.43003590763804,112.43003590763804,,MSP3_PMSC_ENGSOLMFC_SSI_CHN_4KM_20241101020000_0000-0000.CSV
2024-11-01 03:00:00,104.90355108224776,104.90355108224776,,MSP3_PMSC_ENGSOLMFC_SSI_CHN_4KM_20241101030000_0000-0000.CSV
2024-11-01 04:00:00,99.69656723360582,99.69656723360582,,MSP3_PMSC_ENGSOLMFC_SSI_CHN_4KM_20241101040000_0000-0000.CSV
2024-11-01 05:00:00,103.21516965169756,103.21516965169756,,MSP3_PMSC_ENGSOLMFC_SSI_CHN_4KM_20241101050000_0000-0000.CSV
2024-11-01 06:00:00,93.3462212642446,93.3462212642446,,MSP3_PMSC_ENGSOLMFC_SSI_CHN_4KM_20241101060000_0000-0000.CSV
2024-11-01 07:00:00,72.75692059215501,72.75692059215501,,MSP3_PMSC_ENGSOLMFC_SSI_CHN_4KM_20241101070000_0000-0000.CSV
2024-11-01 08:00:00,47.46787798382296,47.46787798382296,,MSP3_PMSC_ENGSOLMFC_SSI_CHN_4KM_20241101080000_0000-0000.CSV
2024-11-01 09:00:00,24.59290598672733,24.59290598672733,,MSP3_PMSC_ENGSOLMFC_SSI_CHN_4KM_20241101090000_0000-0000.CSV
2024-11-01 10:00:00,,,,MSP3_PMSC_ENGSOLMFC_SSI_CHN_4KM_20241101100000_0000-0000.CSV
2024-11-02 00:00:00,72.42620782611485,72.42620782611485,,MSP3_PMSC_ENGSOLMFC_SSI_CHN_4KM_20241102000000_0000-0000.CSV
2024-11-02 01:00:00,107.90581202557227,107.90581202557227,,MSP3_PMSC_ENGSOLMFC_SSI_CHN_4KM_20241102010000_0000-0000.CSV
2024-11-02 02:00:00,104.5463643590366,104.5463643590366,,MSP3_PMSC_ENGSOLMFC_SSI_CHN_4KM_20241102020000_0000-0000.CSV
2024-11-02 03:00:00,92.67925049983982,92.67925049983982,,MSP3_PMSC_ENGSOLMFC_SSI_CHN_4KM_20241102030000_0000-0000.CSV
2024-11-02 04:00:00,90.73893363805158,90.73893363805158,,MSP3_PMSC_ENGSOLMFC_SSI_CHN_4KM_20241102040000_0000-0000.CSV
2024-11-02 05:00:00,83.76817898729112,83.76817898729112,,MSP3_PMSC_ENGSOLMFC_SSI_CHN_4KM_20241102050000_0000-0000.CSV
2024-11-02 06:00:00,75.0091406937161,75.0091406937161,,MSP3_PMSC_ENGSOLMFC_SSI_CHN_4KM_20241102060000_0000-0000.CSV
2024-11-02 07:00:00,56.647801960134736,56.647801960134736,,MSP3_PMSC_ENGSOLMFC_SSI_CHN_4KM_20241102070000_0000-0000.CSV
2024-11-02 08:00:00,35.096765702623614,35.096765702623614,,MSP3_PMSC_ENGSOLMFC_SSI_CHN_4KM_20241102080000_0000-0000.CSV
2024-11-02 09:00:00,25.40177958252137,25.40177958252137,,MSP3_PMSC_ENGSOLMFC_SSI_CHN_4KM_20241102090000_0000-0000.CSV
2024-11-02 11:00:00,,,,MSP3_PMSC_ENGSOLMFC_SSI_CHN_4KM_20241102110000_0000-0000.CSV
2024-11-03 00:00:00,82.43112186734338,82.43112186734338,,MSP3_PMSC_ENGSOLMFC_SSI_CHN_4KM_20241103000000_0000-0000.CSV
2024-11-03 01:00:00,120.46080916652174,120.46080916652174,,MSP3_PMSC_ENGSOLMFC_SSI_CHN_4KM_20241103010000_0000-0000.CSV
2024-11-03 02:00:00,113.87019197648938,113.87019197648938,,MSP3_PMSC_ENGSOLMFC_SSI_CHN_4KM_20241103020000_0000-0000.CSV
2024-11-03 03:00:00,105.48591581587708,105.48591581587708,,MSP3_PMSC_ENGSOLMFC_SSI_CHN_4KM_20241103030000_0000-0000.CSV
2024-11-03 04:00:00,96.50565178322748,96.50565178322748,,MSP3_PMSC_ENGSOLMFC_SSI_CHN_4KM_20241103040000_0000-0000.CSV
2024-11-03 05:00:00,96.01784637633423,96.01784637633423,,MSP3_PMSC_ENGSOLMFC_SSI_CHN_4KM_20241103050000_0000-0000.CSV
2024-11-03 06:00:00,92.43210691469712,92.43210691469712,,MSP3_PMSC_ENGSOLMFC_SSI_CHN_4KM_20241103060000_0000-0000.CSV
2024-11-03 07:00:00,67.43383010421817,67.43383010421817,,MSP3_PMSC_ENGSOLMFC_SSI_CHN_4KM_20241103070000_0000-0000.CSV
2024-11-03 08:00:00,39.20286587685638,39.20286587685638,,MSP3_PMSC_ENGSOLMFC_SSI_CHN_4KM_20241103080000_0000-0000.CSV
2024-11-03 09:00:00,22.595554973280915,22.595554973280915,,MSP3_PMSC_ENGSOLMFC_SSI_CHN_4KM_20241103090000_0000-0000.CSV
2024-11-03 10:00:00,,,,MSP3_PMSC_ENGSOLMFC_SSI_CHN_4KM_20241103100000_0000-0000.CSV
2024-11-03 11:00:00,,,,MSP3_PMSC_ENGSOLMFC_SSI_CHN_4KM_20241103110000_0000-0000.CSV
2024-11-04 00:00:00,63.69060602393981,63.69060602393981,,MSP3_PMSC_ENGSOLMFC_SSI_CHN_4KM_20241104000000_0000-0000.CSV
2024-11-04 01:00:00,100.95489576508488,100.95489576508488,,MSP3_PMSC_ENGSOLMFC_SSI_CHN_4KM_20241104010000_0000-0000.CSV
2024-11-04 02:00:00,111.69497648793984,111.69497648793984,,MSP3_PMSC_ENGSOLMFC_SSI_CHN_4KM_20241104020000_0000-0000.CSV
2024-11-04 03:00:00,116.75157765555302,116.75157765555302,,MSP3_PMSC_ENGSOLMFC_SSI_CHN_4KM_20241104030000_0000-0000.CSV
2024-11-04 04:00:00,124.35273148642943,124.35273148642943,,MSP3_PMSC_ENGSOLMFC_SSI_CHN_4KM_20241104040000_0000-0000.CSV
2024-11-04 05:00:00,119.50976021079413,119.50976021079413,,MSP3_PMSC_ENGSOLMFC_SSI_CHN_4KM_20241104050000_0000-0000.CSV
2024-11-04 06:00:00,93.50295875455792,93.50295875455792,,MSP3_PMSC_ENGSOLMFC_SSI_CHN_4KM_20241104060000_0000-0000.CSV
2024-11-04 07:00:00,81.85174920206222,81.85174920206222,,MSP3_PMSC_ENGSOLMFC_SSI_CHN_4KM_20241104070000_0000-0000.CSV
2024-11-04 08:00:00,48.28491420496387,48.28491420496387,,MSP3_PMSC_ENGSOLMFC_SSI_CHN_4KM_20241104080000_0000-0000.CSV
2024-11-04 09:00:00,22.167681928717823,22.167681928717823,,MSP3_PMSC_ENGSOLMFC_SSI_CHN_4KM_20241104090000_0000-0000.CSV
2024-11-04 10:00:00,,,,MSP3_PMSC_ENGSOLMFC_SSI_CHN_4KM_20241104100000_0000-0000.CSV
2024-11-04 11:00:00,,,,MSP3_PMSC_ENGSOLMFC_SSI_CHN_4KM_20241104110000_0000-0000.CSV
2024-11-05 00:00:00,86.5296589200156,86.5296589200156,,MSP3_PMSC_ENGSOLMFC_SSI_CHN_4KM_20241105000000_0000-0000.CSV
2024-11-05 01:00:00,134.76674674152673,134.76674674152673,,MSP3_PMSC_ENGSOLMFC_SSI_CHN_4KM_20241105010000_0000-0000.CSV
2024-11-05 02:00:00,135.38001506774845,135.38001506774845,,MSP3_PMSC_ENGSOLMFC_SSI_CHN_4KM_20241105020000_0000-0000.CSV
2024-11-05 03:00:00,123.39640382331778,123.39640382331778,,MSP3_PMSC_ENGSOLMFC_SSI_CHN_4KM_20241105030000_0000-0000.CSV
2024-11-05 04:00:00,129.65931877584308,129.65931877584308,,MSP3_PMSC_ENGSOLMFC_SSI_CHN_4KM_20241105040000_0000-0000.CSV
2024-11-05 05:00:00,115.30499091678196,115.30499091678196,,MSP3_PMSC_ENGSOLMFC_SSI_CHN_4KM_20241105050000_0000-0000.CSV
2024-11-05 06:00:00,93.8998366030211,93.8998366030211,,MSP3_PMSC_ENGSOLMFC_SSI_CHN_4KM_20241105060000_0000-0000.CSV
2024-11-05 07:00:00,69.1643077639913,69.1643077639913,,MSP3_PMSC_ENGSOLMFC_SSI_CHN_4KM_20241105070000_0000-0000.CSV
2024-11-05 08:00:00,34.04772625515356,34.04772625515356,,MSP3_PMSC_ENGSOLMFC_SSI_CHN_4KM_20241105080000_0000-0000.CSV
2024-11-05 09:00:00,23.28330939267133,23.28330939267133,,MSP3_PMSC_ENGSOLMFC_SSI_CHN_4KM_20241105090000_0000-0000.CSV
2024-11-05 10:00:00,,,,MSP3_PMSC_ENGSOLMFC_SSI_CHN_4KM_20241105100000_0000-0000.CSV
2024-11-05 11:00:00,,,,MSP3_PMSC_ENGSOLMFC_SSI_CHN_4KM_20241105110000_0000-0000.CSV
2024-11-06 00:00:00,91.78627651770152,91.78627651770152,,MSP3_PMSC_ENGSOLMFC_SSI_CHN_4KM_20241106000000_0000-0000.CSV
2024-11-06 01:00:00,135.70375144637157,135.70375144637157,,MSP3_PMSC_ENGSOLMFC_SSI_CHN_4KM_20241106010000_0000-0000.CSV
2024-11-06 02:00:00,133.6862522266729,133.6862522266729,,MSP3_PMSC_ENGSOLMFC_SSI_CHN_4KM_20241106020000_0000-0000.CSV
2024-11-06 03:00:00,117.2947496102738,117.2947496102738,,MSP3_PMSC_ENGSOLMFC_SSI_CHN_4KM_20241106030000_0000-0000.CSV
2024-11-06 04:00:00,104.70485836822203,104.70485836822203,,MSP3_PMSC_ENGSOLMFC_SSI_CHN_4KM_20241106040000_0000-0000.CSV
2024-11-06 06:00:00,89.42846009360719,89.42846009360719,,MSP3_PMSC_ENGSOLMFC_SSI_CHN_4KM_20241106060000_0000-0000.CSV
2024-11-06 07:00:00,68.61242768106008,68.61242768106008,,MSP3_PMSC_ENGSOLMFC_SSI_CHN_4KM_20241106070000_0000-0000.CSV
2024-11-06 08:00:00,34.61885408347514,34.61885408347514,,MSP3_PMSC_ENGSOLMFC_SSI_CHN_4KM_20241106080000_0000-0000.CSV
2024-11-06 09:00:00,22.599565142613685,22.599565142613685,,MSP3_PMSC_ENGSOLMFC_SSI_CHN_4KM_20241106090000_0000-0000.CSV
2024-11-06 10:00:00,,,,MSP3_PMSC_ENGSOLMFC_SSI_CHN_4KM_20241106100000_0000-0000.CSV
2024-11-06 11:00:00,,,,MSP3_PMSC_ENGSOLMFC_SSI_CHN_4KM_20241106110000_0000-0000.CSV
2024-11-07 00:00:00,82.67910840329668,82.67910840329668,,MSP3_PMSC_ENGSOLMFC_SSI_CHN_4KM_20241107000000_0000-0000.CSV
2024-11-07 01:00:00,114.52524982142448,114.52524982142448,,MSP3_PMSC_ENGSOLMFC_SSI_CHN_4KM_20241107010000_0000-0000.CSV
2024-11-07 03:00:00,102.81496860639608,102.81496860639608,,MSP3_PMSC_ENGSOLMFC_SSI_CHN_4KM_20241107030000_0000-0000.CSV
2024-11-07 04:00:00,95.16290333586149,95.16290333586149,,MSP3_PMSC_ENGSOLMFC_SSI_CHN_4KM_20241107040000_0000-0000.CSV
2024-11-07 05:00:00,89.48178445353516,89.48178445353516,,MSP3_PMSC_ENGSOLMFC_SSI_CHN_4KM_20241107050000_0000-0000.CSV
2024-11-07 06:00:00,76.87176063174294,76.87176063174294,,MSP3_PMSC_ENGSOLMFC_SSI_CHN_4KM_20241107060000_0000-0000.CSV
2024-11-07 07:00:00,66.44135234802188,66.44135234802188,,MSP3_PMSC_ENGSOLMFC_SSI_CHN_4KM_20241107070000_0000-0000.CSV
2024-11-07 08:00:00,35.71781201968414,35.71781201968414,,MSP3_PMSC_ENGSOLMFC_SSI_CHN_4KM_20241107080000_0000-0000.CSV
2024-11-07 09:00:00,21.52529988258065,21.52529988258065,,MSP3_PMSC_ENGSOLMFC_SSI_CHN_4KM_20241107090000_0000-0000.CSV
2024-11-07 10:00:00,,,,MSP3_PMSC_ENGSOLMFC_SSI_CHN_4KM_20241107100000_0000-0000.CSV
2024-11-07 11:00:00,,,,MSP3_PMSC_ENGSOLMFC_SSI_CHN_4KM_20241107110000_0000-0000.CSV
2024-11-08 00:00:00,58.6389340861487,58.6389340861487,,MSP3_PMSC_ENGSOLMFC_SSI_CHN_4KM_20241108000000_0000-0000.CSV
2024-11-08 01:00:00,92.11933737417148,92.11933737417148,,MSP3_PMSC_ENGSOLMFC_SSI_CHN_4KM_20241108010000_0000-0000.CSV
2024-11-08 02:00:00,98.3889595854623,98.3889595854623,,MSP3_PMSC_ENGSOLMFC_SSI_CHN_4KM_20241108020000_0000-0000.CSV
2024-11-08 04:00:00,106.09466500061218,106.09466500061218,,MSP3_PMSC_ENGSOLMFC_SSI_CHN_4KM_20241108040000_0000-0000.CSV
2024-11-08 05:00:00,97.7790709681843,97.7790709681843,,MSP3_PMSC_ENGSOLMFC_SSI_CHN_4KM_20241108050000_0000-0000.CSV
2024-11-08 06:00:00,87.96697151241634,87.96697151241634,,MSP3_PMSC_ENGSOLMFC_SSI_CHN_4KM_20241108060000_0000-0000.CSV
2024-11-08 07:00:00,57.51872207078659,57.51872207078659,,MSP3_PMSC_ENGSOLMFC_SSI_CHN_4KM_20241108070000_0000-0000.CSV
2024-11-08 09:00:00,21.91573272999364,21.91573272999364,,MSP3_PMSC_ENGSOLMFC_SSI_CHN_4KM_20241108090000_0000-0000.CSV
2024-11-08 10:00:00,,,,MSP3_PMSC_ENGSOLMFC_SSI_CHN_4KM_20241108100000_0000-0000.CSV
2024-11-08 11:00:00,,,,MSP3_PMSC_ENGSOLMFC_SSI_CHN_4KM_20241108110000_0000-0000.CSV
2024-11-09 00:00:00,46.3559095827133,46.3559095827133,,MSP3_PMSC_ENGSOLMFC_SSI_CHN_4KM_20241109000000_0000-0000.CSV
2024-11-09 01:00:00,66.73355833193958,66.73355833193958,,MSP3_PMSC_ENGSOLMFC_SSI_CHN_4KM_20241109010000_0000-0000.CSV
2024-11-09 02:00:00,83.49649820047485,83.49649820047485,,MSP3_PMSC_ENGSOLMFC_SSI_CHN_4KM_20241109020000_0000-0000.CSV
2024-11-09 03:00:00,96.52314948789844,96.52314948789844,,MSP3_PMSC_ENGSOLMFC_SSI_CHN_4KM_20241109030000_0000-0000.CSV
2024-11-09 04:00:00,100.54782817097347,100.54782817097347,,MSP3_PMSC_ENGSOLMFC_SSI_CHN_4KM_20241109040000_0000-0000.CSV
2024-11-09 05:00:00,94.4233861706494,94.4233861706494,,MSP3_PMSC_ENGSOLMFC_SSI_CHN_4KM_20241109050000_0000-0000.CSV
2024-11-09 06:00:00,89.78115911302113,89.78115911302113,,MSP3_PMSC_ENGSOLMFC_SSI_CHN_4KM_20241109060000_0000-0000.CSV
2024-11-09 07:00:00,68.41939675970946,68.41939675970946,,MSP3_PMSC_ENGSOLMFC_SSI_CHN_4KM_20241109070000_0000-0000.CSV
2024-11-09 08:00:00,52.26937083503399,52.26937083503399,,MSP3_PMSC_ENGSOLMFC_SSI_CHN_4KM_20241109080000_0000-0000.CSV
2024-11-09 09:00:00,20.82610188462196,20.82610188462196,,MSP3_PMSC_ENGSOLMFC_SSI_CHN_4KM_20241109090000_0000-0000.CSV
2024-11-09 10:00:00,,,,MSP3_PMSC_ENGSOLMFC_SSI_CHN_4KM_20241109100000_0000-0000.CSV
2024-11-09 11:00:00,,,,MSP3_PMSC_ENGSOLMFC_SSI_CHN_4KM_20241109110000_0000-0000.CSV
2024-11-10 00:00:00,68.16826809127748,68.16826809127748,,MSP3_PMSC_ENGSOLMFC_SSI_CHN_4KM_20241110000000_0000-0000.CSV
2024-11-10 01:00:00,107.50039179087172,107.50039179087172,,MSP3_PMSC_ENGSOLMFC_SSI_CHN_4KM_20241110010000_0000-0000.CSV
2024-11-10 02:00:00,105.67868611480984,105.67868611480984,,MSP3_PMSC_ENGSOLMFC_SSI_CHN_4KM_20241110020000_0000-0000.CSV
2024-11-10 03:00:00,105.14009155975826,105.14009155975826,,MSP3_PMSC_ENGSOLMFC_SSI_CHN_4KM_20241110030000_0000-0000.CSV
2024-11-10 04:00:00,100.03903753462592,100.03903753462592,,MSP3_PMSC_ENGSOLMFC_SSI_CHN_4KM_20241110040000_0000-0000.CSV
2024-11-10 05:00:00,90.5937786048938,90.5937786048938,,MSP3_PMSC_ENGSOLMFC_SSI_CHN_4KM_20241110050000_0000-0000.CSV
2024-11-10 06:00:00,85.32043045994592,85.32043045994592,,MSP3_PMSC_ENGSOLMFC_SSI_CHN_4KM_20241110060000_0000-0000.CSV
2024-11-10 07:00:00,60.552523379555936,60.552523379555936,,MSP3_PMSC_ENGSOLMFC_SSI_CHN_4KM_20241110070000_0000-0000.CSV
2024-11-10 08:00:00,36.13661170389818,36.13661170389818,,MSP3_PMSC_ENGSOLMFC_SSI_CHN_4KM_20241110080000_0000-0000.CSV
2024-11-10 09:00:00,19.081663478554216,19.081663478554216,,MSP3_PMSC_ENGSOLMFC_SSI_CHN_4KM_20241110090000_0000-0000.CSV
2024-11-10 11:00:00,,,,MSP3_PMSC_ENGSOLMFC_SSI_CHN_4KM_20241110110000_0000-0000.CSV
2024-11-11 02:00:00,82.04822169586716,82.04822169586716,,MSP3_PMSC_ENGSOLMFC_SSI_CHN_4KM_20241111020000_0000-0000.CSV
2024-11-11 03:00:00,92.37358016332291,92.37358016332291,,MSP3_PMSC_ENGSOLMFC_SSI_CHN_4KM_20241111030000_0000-0000.CSV
2024-11-11 04:00:00,92.59830544816612,92.59830544816612,,MSP3_PMSC_ENGSOLMFC_SSI_CHN_4KM_20241111040000_0000-0000.CSV
2024-11-11 06:00:00,78.97978232517269,78.97978232517269,,MSP3_PMSC_ENGSOLMFC_SSI_CHN_4KM_20241111060000_0000-0000.CSV
2024-11-11 07:00:00,62.802060396648606,62.802060396648606,,MSP3_PMSC_ENGSOLMFC_SSI_CHN_4KM_20241111070000_0000-0000.CSV
2024-11-11 08:00:00,41.38426193994774,41.38426193994774,,MSP3_PMSC_ENGSOLMFC_SSI_CHN_4KM_20241111080000_0000-0000.CSV
2024-11-11 09:00:00,18.64693563481172,18.64693563481172,,MSP3_PMSC_ENGSOLMFC_SSI_CHN_4KM_20241111090000_0000-0000.CSV
2024-11-11 10:00:00,,,,MSP3_PMSC_ENGSOLMFC_SSI_CHN_4KM_20241111100000_0000-0000.CSV
2024-11-11 11:00:00,,,,MSP3_PMSC_ENGSOLMFC_SSI_CHN_4KM_20241111110000_0000-0000.CSV
2024-11-12 00:00:00,47.08107239362172,47.08107239362172,,MSP3_PMSC_ENGSOLMFC_SSI_CHN_4KM_20241112000000_0000-0000.CSV
2024-11-12 02:00:00,100.79677643950548,100.79677643950548,,MSP3_PMSC_ENGSOLMFC_SSI_CHN_4KM_20241112020000_0000-0000.CSV
2024-11-12 03:00:00,117.17306970790855,117.17306970790855,,MSP3_PMSC_ENGSOLMFC_SSI_CHN_4KM_20241112030000_0000-0000.CSV
2024-11-12 04:00:00,113.51621097419014,113.51621097419014,,MSP3_PMSC_ENGSOLMFC_SSI_CHN_4KM_20241112040000_0000-0000.CSV
2024-11-12 05:00:00,124.7125380958942,124.7125380958942,,MSP3_PMSC_ENGSOLMFC_SSI_CHN_4KM_20241112050000_0000-0000.CSV
2024-11-12 06:00:00,107.97636959997249,107.97636959997249,,MSP3_PMSC_ENGSOLMFC_SSI_CHN_4KM_20241112060000_0000-0000.CSV
2024-11-12 07:00:00,90.83003721792232,90.83003721792232,,MSP3_PMSC_ENGSOLMFC_SSI_CHN_4KM_20241112070000_0000-0000.CSV
2024-11-12 08:00:00,48.83387777274247,48.83387777274247,,MSP3_PMSC_ENGSOLMFC_SSI_CHN_4KM_20241112080000_0000-0000.CSV
2024-11-12 09:00:00,18.34543617671589,18.34543617671589,,MSP3_PMSC_ENGSOLMFC_SSI_CHN_4KM_20241112090000_0000-0000.CSV
2024-11-12 10:00:00,,,,MSP3_PMSC_ENGSOLMFC_SSI_CHN_4KM_20241112100000_0000-0000.CSV
2024-11-12 11:00:00,,,,MSP3_PMSC_ENGSOLMFC_SSI_CHN_4KM_20241112110000_0000-0000.CSV
2024-11-13 01:00:00,76.42528479991424,76.42528479991424,,MSP3_PMSC_ENGSOLMFC_SSI_CHN_4KM_20241113010000_0000-0000.CSV
2024-11-13 02:00:00,96.86598596556392,96.86598596556392,,MSP3_PMSC_ENGSOLMFC_SSI_CHN_4KM_20241113020000_0000-0000.CSV
2024-11-13 03:00:00,106.62514279569524,106.62514279569524,,MSP3_PMSC_ENGSOLMFC_SSI_CHN_4KM_20241113030000_0000-0000.CSV
2024-11-13 04:00:00,114.99869032281543,114.99869032281543,,MSP3_PMSC_ENGSOLMFC_SSI_CHN_4KM_20241113040000_0000-0000.CSV
2024-11-13 05:00:00,120.22499289229172,120.22499289229172,,MSP3_PMSC_ENGSOLMFC_SSI_CHN_4KM_20241113050000_0000-0000.CSV
2024-11-13 06:00:00,101.63080806645247,101.63080806645247,,MSP3_PMSC_ENGSOLMFC_SSI_CHN_4KM_20241113060000_0000-0000.CSV
2024-11-13 07:00:00,84.69268992995197,84.69268992995197,,MSP3_PMSC_ENGSOLMFC_SSI_CHN_4KM_20241113070000_0000-0000.CSV
2024-11-13 08:00:00,55.92634585696055,55.92634585696055,,MSP3_PMSC_ENGSOLMFC_SSI_CHN_4KM_20241113080000_0000-0000.CSV
2024-11-13 09:00:00,19.142947010924576,19.142947010924576,,MSP3_PMSC_ENGSOLMFC_SSI_CHN_4KM_20241113090000_0000-0000.CSV
2024-11-13 10:00:00,,,,MSP3_PMSC_ENGSOLMFC_SSI_CHN_4KM_20241113100000_0000-0000.CSV
2024-11-13 11:00:00,,,,MSP3_PMSC_ENGSOLMFC_SSI_CHN_4KM_20241113110000_0000-0000.CSV
2024-11-14 00:00:00,51.69740026170647,51.69740026170647,,MSP3_PMSC_ENGSOLMFC_SSI_CHN_4KM_20241114000000_0000-0000.CSV
2024-11-14 01:00:00,81.42478943053943,81.42478943053943,,MSP3_PMSC_ENGSOLMFC_SSI_CHN_4KM_20241114010000_0000-0000.CSV
2024-11-14 02:00:00,97.18115751400472,97.18115751400472,,MSP3_PMSC_ENGSOLMFC_SSI_CHN_4KM_20241114020000_0000-0000.CSV
2024-11-14 03:00:00,114.1906782587613,114.1906782587613,,MSP3_PMSC_ENGSOLMFC_SSI_CHN_4KM_20241114030000_0000-0000.CSV
2024-11-14 04:00:00,114.49545015499648,114.49545015499648,,MSP3_PMSC_ENGSOLMFC_SSI_CHN_4KM_20241114040000_0000-0000.CSV
2024-11-14 05:00:00,126.4283395489338,126.4283395489338,,MSP3_PMSC_ENGSOLMFC_SSI_CHN_4KM_20241114050000_0000-0000.CSV
2024-11-14 06:00:00,95.38893180959876,95.38893180959876,,MSP3_PMSC_ENGSOLMFC_SSI_CHN_4KM_20241114060000_0000-0000.CSV
2024-11-14 07:00:00,77.54088688554693,77.54088688554693,,MSP3_PMSC_ENGSOLMFC_SSI_CHN_4KM_20241114070000_0000-0000.CSV
2024-11-14 08:00:00,50.73757398499706,50.73757398499706,,MSP3_PMSC_ENGSOLMFC_SSI_CHN_4KM_20241114080000_0000-0000.CSV
2024-11-14 09:00:00,17.942291046182312,17.942291046182312,,MSP3_PMSC_ENGSOLMFC_SSI_CHN_4KM_20241114090000_0000-0000.CSV
2024-11-14 10:00:00,,,,MSP3_PMSC_ENGSOLMFC_SSI_CHN_4KM_20241114100000_0000-0000.CSV
2024-11-15 00:00:00,49.980902418767286,49.980902418767286,,MSP3_PMSC_ENGSOLMFC_SSI_CHN_4KM_20241115000000_0000-0000.CSV
2024-11-15 01:00:00,75.59573781746153,75.59573781746153,,MSP3_PMSC_ENGSOLMFC_SSI_CHN_4KM_20241115010000_0000-0000.CSV
2024-11-15 02:00:00,86.7353069503259,86.7353069503259,,MSP3_PMSC_ENGSOLMFC_SSI_CHN_4KM_20241115020000_0000-0000.CSV
2024-11-15 03:00:00,105.22990469170423,105.22990469170423,,MSP3_PMSC_ENGSOLMFC_SSI_CHN_4KM_20241115030000_0000-0000.CSV
2024-11-15 04:00:00,109.16689022597178,109.16689022597178,,MSP3_PMSC_ENGSOLMFC_SSI_CHN_4KM_20241115040000_0000-0000.CSV
2024-11-15 05:00:00,130.6096218787779,130.6096218787779,,MSP3_PMSC_ENGSOLMFC_SSI_CHN_4KM_20241115050000_0000-0000.CSV
2024-11-15 06:00:00,102.34719280972524,102.34719280972524,,MSP3_PMSC_ENGSOLMFC_SSI_CHN_4KM_20241115060000_0000-0000.CSV
2024-11-15 07:00:00,90.34116644326498,90.34116644326498,,MSP3_PMSC_ENGSOLMFC_SSI_CHN_4KM_20241115070000_0000-0000.CSV
2024-11-15 08:00:00,57.47373834428657,57.47373834428657,,MSP3_PMSC_ENGSOLMFC_SSI_CHN_4KM_20241115080000_0000-0000.CSV
2024-11-15 09:00:00,17.872068520093,17.872068520093,,MSP3_PMSC_ENGSOLMFC_SSI_CHN_4KM_20241115090000_0000-0000.CSV
2024-11-15 10:00:00,,,,MSP3_PMSC_ENGSOLMFC_SSI_CHN_4KM_20241115100000_0000-0000.CSV
2024-11-15 11:00:00,,,,MSP3_PMSC_ENGSOLMFC_SSI_CHN_4KM_20241115110000_0000-0000.CSV
2024-11-16 01:00:00,87.24889697013448,87.24889697013448,,MSP3_PMSC_ENGSOLMFC_SSI_CHN_4KM_20241116010000_0000-0000.CSV
2024-11-16 02:00:00,117.87843389185872,117.87843389185872,,MSP3_PMSC_ENGSOLMFC_SSI_CHN_4KM_20241116020000_0000-0000.CSV
2024-11-16 03:00:00,123.91573186774065,123.91573186774065,,MSP3_PMSC_ENGSOLMFC_SSI_CHN_4KM_20241116030000_0000-0000.CSV
2024-11-16 04:00:00,122.31032677717828,122.31032677717828,,MSP3_PMSC_ENGSOLMFC_SSI_CHN_4KM_20241116040000_0000-0000.CSV
2024-11-16 05:00:00,136.39583678304746,136.39583678304746,,MSP3_PMSC_ENGSOLMFC_SSI_CHN_4KM_20241116050000_0000-0000.CSV
2024-11-16 06:00:00,116.44707131538664,116.44707131538664,,MSP3_PMSC_ENGSOLMFC_SSI_CHN_4KM_20241116060000_0000-0000.CSV
2024-11-16 07:00:00,92.64223897722027,92.64223897722027,,MSP3_PMSC_ENGSOLMFC_SSI_CHN_4KM_20241116070000_0000-0000.CSV
2024-11-16 08:00:00,57.26203572543344,57.26203572543344,,MSP3_PMSC_ENGSOLMFC_SSI_CHN_4KM_20241116080000_0000-0000.CSV
2024-11-16 09:00:00,18.491975565965028,18.491975565965028,,MSP3_PMSC_ENGSOLMFC_SSI_CHN_4KM_20241116090000_0000-0000.CSV
2024-11-16 10:00:00,,,,MSP3_PMSC_ENGSOLMFC_SSI_CHN_4KM_20241116100000_0000-0000.CSV
2024-11-16 11:00:00,,,,MSP3_PMSC_ENGSOLMFC_SSI_CHN_4KM_20241116110000_0000-0000.CSV
2024-11-17 01:00:00,101.14433025884884,101.14433025884884,,MSP3_PMSC_ENGSOLMFC_SSI_CHN_4KM_20241117010000_0000-0000.CSV
2024-11-17 02:00:00,123.37925077261797,123.37925077261797,,MSP3_PMSC_ENGSOLMFC_SSI_CHN_4KM_20241117020000_0000-0000.CSV
2024-11-17 03:00:00,135.130258987479,135.130258987479,,MSP3_PMSC_ENGSOLMFC_SSI_CHN_4KM_20241117030000_0000-0000.CSV
2024-11-17 04:00:00,134.30790883380973,134.30790883380973,,MSP3_PMSC_ENGSOLMFC_SSI_CHN_4KM_20241117040000_0000-0000.CSV
2024-11-17 05:00:00,140.74305201681383,140.74305201681383,,MSP3_PMSC_ENGSOLMFC_SSI_CHN_4KM_20241117050000_0000-0000.CSV
2024-11-17 06:00:00,117.52336850556638,117.52336850556638,,MSP3_PMSC_ENGSOLMFC_SSI_CHN_4KM_20241117060000_0000-0000.CSV
2024-11-17 07:00:00,92.8292843026162,92.8292843026162,,MSP3_PMSC_ENGSOLMFC_SSI_CHN_4KM_20241117070000_0000-0000.CSV
2024-11-17 08:00:00,53.00857588203724,53.00857588203724,,MSP3_PMSC_ENGSOLMFC_SSI_CHN_4KM_20241117080000_0000-0000.CSV
2024-11-17 09:00:00,17.273063799319445,17.273063799319445,,MSP3_PMSC_ENGSOLMFC_SSI_CHN_4KM_20241117090000_0000-0000.CSV
2024-11-17 10:00:00,,,,MSP3_PMSC_ENGSOLMFC_SSI_CHN_4KM_20241117100000_0000-0000.CSV
2024-11-17 11:00:00,,,,MSP3_PMSC_ENGSOLMFC_SSI_CHN_4KM_20241117110000_0000-0000.CSV
2024-11-18 00:00:00,52.72623214602953,52.72623214602953,,MSP3_PMSC_ENGSOLMFC_SSI_CHN_4KM_20241118000000_0000-0000.CSV
2024-11-18 01:00:00,87.60144196292747,87.60144196292747,,MSP3_PMSC_ENGSOLMFC_SSI_CHN_4KM_20241118010000_0000-0000.CSV
2024-11-18 02:00:00,119.94508707543206,119.94508707543206,,MSP3_PMSC_ENGSOLMFC_SSI_CHN_4KM_20241118020000_0000-0000.CSV
2024-11-18 03:00:00,127.3065926923067,127.3065926923067,,MSP3_PMSC_ENGSOLMFC_SSI_CHN_4KM_20241118030000_0000-0000.CSV
2024-11-18 04:00:00,123.09888563454383,123.09888563454383,,MSP3_PMSC_ENGSOLMFC_SSI_CHN_4KM_20241118040000_0000-0000.CSV
2024-11-18 05:00:00,135.32135382093375,135.32135382093375,,MSP3_PMSC_ENGSOLMFC_SSI_CHN_4KM_20241118050000_0000-0000.CSV
2024-11-18 06:00:00,118.42438948287273,118.42438948287273,,MSP3_PMSC_ENGSOLMFC_SSI_CHN_4KM_20241118060000_0000-0000.CSV
2024-11-18 07:00:00,93.63506264520366,93.63506264520366,,MSP3_PMSC_ENGSOLMFC_SSI_CHN_4KM_20241118070000_0000-0000.CSV
2024-11-18 08:00:00,57.14867310886324,57.14867310886324,,MSP3_PMSC_ENGSOLMFC_SSI_CHN_4KM_20241118080000_0000-0000.CSV
2024-11-18 09:00:00,17.400718085013835,17.400718085013835,,MSP3_PMSC_ENGSOLMFC_SSI_CHN_4KM_20241118090000_0000-0000.CSV
2024-11-18 11:00:00,,,,MSP3_PMSC_ENGSOLMFC_SSI_CHN_4KM_20241118110000_0000-0000.CSV
2024-11-19 00:00:00,34.28135849833395,34.28135849833395,,MSP3_PMSC_ENGSOLMFC_SSI_CHN_4KM_20241119000000_0000-0000.CSV
2024-11-19 01:00:00,66.37349537093434,66.37349537093434,,MSP3_PMSC_ENGSOLMFC_SSI_CHN_4KM_20241119010000_0000-0000.CSV
2024-11-19 02:00:00,84.72373246494635,84.72373246494635,,MSP3_PMSC_ENGSOLMFC_SSI_CHN_4KM_20241119020000_0000-0000.CSV
2024-11-19 03:00:00,92.61879884449168,92.61879884449168,,MSP3_PMSC_ENGSOLMFC_SSI_CHN_4KM_20241119030000_0000-0000.CSV
2024-11-19 04:00:00,109.53757484975056,109.53757484975056,,MSP3_PMSC_ENGSOLMFC_SSI_CHN_4KM_20241119040000_0000-0000.CSV
2024-11-19 05:00:00,111.75622761474382,111.75622761474382,,MSP3_PMSC_ENGSOLMFC_SSI_CHN_4KM_20241119050000_0000-0000.CSV
2024-11-19 06:00:00,100.3205057339906,100.3205057339906,,MSP3_PMSC_ENGSOLMFC_SSI_CHN_4KM_20241119060000_0000-0000.CSV
2024-11-19 07:00:00,76.31048031440793,76.31048031440793,,MSP3_PMSC_ENGSOLMFC_SSI_CHN_4KM_20241119070000_0000-0000.CSV
2024-11-19 08:00:00,50.56907035073142,50.56907035073142,,MSP3_PMSC_ENGSOLMFC_SSI_CHN_4KM_20241119080000_0000-0000.CSV
2024-11-19 09:00:00,16.663686964485816,16.663686964485816,,MSP3_PMSC_ENGSOLMFC_SSI_CHN_4KM_20241119090000_0000-0000.CSV
2024-11-19 10:00:00,,,,MSP3_PMSC_ENGSOLMFC_SSI_CHN_4KM_20241119100000_0000-0000.CSV
2024-11-19 11:00:00,,,,MSP3_PMSC_ENGSOLMFC_SSI_CHN_4KM_20241119110000_0000-0000.CSV
2024-11-20 00:00:00,58.69501492174919,58.69501492174919,,MSP3_PMSC_ENGSOLMFC_SSI_CHN_4KM_20241120000000_0000-0000.CSV
2024-11-20 01:00:00,105.95853573395163,105.95853573395163,,MSP3_PMSC_ENGSOLMFC_SSI_CHN_4KM_20241120010000_0000-0000.CSV
2024-11-20 02:00:00,129.88254305230765,129.88254305230765,,MSP3_PMSC_ENGSOLMFC_SSI_CHN_4KM_20241120020000_0000-0000.CSV
2024-11-20 03:00:00,133.68819953385372,133.68819953385372,,MSP3_PMSC_ENGSOLMFC_SSI_CHN_4KM_20241120030000_0000-0000.CSV
2024-11-20 04:00:00,120.9663206917305,120.9663206917305,,MSP3_PMSC_ENGSOLMFC_SSI_CHN_4KM_20241120040000_0000-0000.CSV
2024-11-20 05:00:00,119.19641317046396,119.19641317046396,,MSP3_PMSC_ENGSOLMFC_SSI_CHN_4KM_20241120050000_0000-0000.CSV
2024-11-20 06:00:00,113.31261540521838,113.31261540521838,,MSP3_PMSC_ENGSOLMFC_SSI_CHN_4KM_20241120060000_0000-0000.CSV
2024-11-20 07:00:00,72.15908167044846,72.15908167044846,,MSP3_PMSC_ENGSOLMFC_SSI_CHN_4KM_20241120070000_0000-0000.CSV
2024-11-20 09:00:00,16.590850725759314,16.590850725759314,,MSP3_PMSC_ENGSOLMFC_SSI_CHN_4KM_20241120090000_0000-0000.CSV
2024-11-20 10:00:00,,,,MSP3_PMSC_ENGSOLMFC_SSI_CHN_4KM_20241120100000_0000-0000.CSV
2024-11-20 11:00:00,,,,MSP3_PMSC_ENGSOLMFC_SSI_CHN_4KM_20241120110000_0000-0000.CSV
2024-11-21 00:00:00,72.50421368937513,72.50421368937513,,MSP3_PMSC_ENGSOLMFC_SSI_CHN_4KM_20241121000000_0000-0000.CSV
2024-11-21 01:00:00,120.84759252321302,120.84759252321302,,MSP3_PMSC_ENGSOLMFC_SSI_CHN_4KM_20241121010000_0000-0000.CSV
2024-11-21 02:00:00,140.96374222064344,140.96374222064344,,MSP3_PMSC_ENGSOLMFC_SSI_CHN_4KM_20241121020000_0000-0000.CSV
2024-11-21 03:00:00,144.05622858565764,144.05622858565764,,MSP3_PMSC_ENGSOLMFC_SSI_CHN_4KM_20241121030000_0000-0000.CSV
2024-11-21 04:00:00,129.6610247049507,129.6610247049507,,MSP3_PMSC_ENGSOLMFC_SSI_CHN_4KM_20241121040000_0000-0000.CSV
2024-11-21 05:00:00,127.2252314418138,127.2252314418138,,MSP3_PMSC_ENGSOLMFC_SSI_CHN_4KM_20241121050000_0000-0000.CSV
2024-11-21 06:00:00,107.63627566269092,107.63627566269092,,MSP3_PMSC_ENGSOLMFC_SSI_CHN_4KM_20241121060000_0000-0000.CSV
2024-11-21 07:00:00,71.66025399611691,71.66025399611691,,MSP3_PMSC_ENGSOLMFC_SSI_CHN_4KM_20241121070000_0000-0000.CSV
2024-11-21 08:00:00,36.04349466028383,36.04349466028383,,MSP3_PMSC_ENGSOLMFC_SSI_CHN_4KM_20241121080000_0000-0000.CSV
2024-11-21 09:00:00,16.451403851091033,16.451403851091033,,MSP3_PMSC_ENGSOLMFC_SSI_CHN_4KM_20241121090000_0000-0000.CSV
2024-11-21 10:00:00,,,,MSP3_PMSC_ENGSOLMFC_SSI_CHN_4KM_20241121100000_0000-0000.CSV
2024-11-21 11:00:00,,,,MSP3_PMSC_ENGSOLMFC_SSI_CHN_4KM_20241121110000_0000-0000.CSV
2024-11-22 00:00:00,61.48444608498459,61.48444608498459,,MSP3_PMSC_ENGSOLMFC_SSI_CHN_4KM_20241122000000_0000-0000.CSV
2024-11-22 01:00:00,99.3412997128434,99.3412997128434,,MSP3_PMSC_ENGSOLMFC_SSI_CHN_4KM_20241122010000_0000-0000.CSV
2024-11-22 02:00:00,114.0378412905868,114.0378412905868,,MSP3_PMSC_ENGSOLMFC_SSI_CHN_4KM_20241122020000_0000-0000.CSV
2024-11-22 03:00:00,112.51039680176405,112.51039680176405,,MSP3_PMSC_ENGSOLMFC_SSI_CHN_4KM_20241122030000_0000-0000.CSV
2024-11-22 05:00:00,125.84428552552323,125.84428552552323,,MSP3_PMSC_ENGSOLMFC_SSI_CHN_4KM_20241122050000_0000-0000.CSV
2024-11-22 06:00:00,99.42792912054117,99.42792912054117,,MSP3_PMSC_ENGSOLMFC_SSI_CHN_4KM_20241122060000_0000-0000.CSV
2024-11-22 07:00:00,66.84458559959654,66.84458559959654,,MSP3_PMSC_ENGSOLMFC_SSI_CHN_4KM_20241122070000_0000-0000.CSV
2024-11-22 08:00:00,37.60360251729833,37.60360251729833,,MSP3_PMSC_ENGSOLMFC_SSI_CHN_4KM_20241122080000_0000-0000.CSV
2024-11-22 09:00:00,16.259643096090937,16.259643096090937,,MSP3_PMSC_ENGSOLMFC_SSI_CHN_4KM_20241122090000_0000-0000.CSV
2024-11-22 10:00:00,,,,MSP3_PMSC_ENGSOLMFC_SSI_CHN_4KM_20241122100000_0000-0000.CSV
2024-11-22 11:00:00,,,,MSP3_PMSC_ENGSOLMFC_SSI_CHN_4KM_20241122110000_0000-0000.CSV
2024-11-23 00:00:00,50.9576514057294,50.9576514057294,,MSP3_PMSC_ENGSOLMFC_SSI_CHN_4KM_20241123000000_0000-0000.CSV
2024-11-23 01:00:00,85.27529609979334,85.27529609979334,,MSP3_PMSC_ENGSOLMFC_SSI_CHN_4KM_20241123010000_0000-0000.CSV
2024-11-23 02:00:00,103.6101472264994,103.6101472264994,,MSP3_PMSC_ENGSOLMFC_SSI_CHN_4KM_20241123020000_0000-0000.CSV
2024-11-23 03:00:00,99.60086450914004,99.60086450914004,,MSP3_PMSC_ENGSOLMFC_SSI_CHN_4KM_20241123030000_0000-0000.CSV
2024-11-23 04:00:00,102.97887321938586,102.97887321938586,,MSP3_PMSC_ENGSOLMFC_SSI_CHN_4KM_20241123040000_0000-0000.CSV
2024-11-23 05:00:00,116.91291596782706,116.91291596782706,,MSP3_PMSC_ENGSOLMFC_SSI_CHN_4KM_20241123050000_0000-0000.CSV
2024-11-23 06:00:00,96.15357591388324,96.15357591388324,,MSP3_PMSC_ENGSOLMFC_SSI_CHN_4KM_20241123060000_0000-0000.CSV
2024-11-23 07:00:00,75.37637626004599,75.37637626004599,,MSP3_PMSC_ENGSOLMFC_SSI_CHN_4KM_20241123070000_0000-0000.CSV
2024-11-23 08:00:00,45.12678054259598,45.12678054259598,,MSP3_PMSC_ENGSOLMFC_SSI_CHN_4KM_20241123080000_0000-0000.CSV
2024-11-23 09:00:00,15.74901110353106,15.74901110353106,,MSP3_PMSC_ENGSOLMFC_SSI_CHN_4KM_20241123090000_0000-0000.CSV
2024-11-23 10:00:00,,,,MSP3_PMSC_ENGSOLMFC_SSI_CHN_4KM_20241123100000_0000-0000.CSV
2024-11-23 11:00:00,,,,MSP3_PMSC_ENGSOLMFC_SSI_CHN_4KM_20241123110000_0000-0000.CSV
2024-11-24 00:00:00,32.12943826536148,32.12943826536148,,MSP3_PMSC_ENGSOLMFC_SSI_CHN_4KM_20241124000000_0000-0000.CSV
2024-11-24 01:00:00,59.72716479144831,59.72716479144831,,MSP3_PMSC_ENGSOLMFC_SSI_CHN_4KM_20241124010000_0000-0000.CSV
2024-11-24 02:00:00,84.9209924659807,84.9209924659807,,MSP3_PMSC_ENGSOLMFC_SSI_CHN_4KM_20241124020000_0000-0000.CSV
2024-11-24 03:00:00,91.76884716710784,91.76884716710784,,MSP3_PMSC_ENGSOLMFC_SSI_CHN_4KM_20241124030000_0000-0000.CSV
2024-11-24 04:00:00,93.534430431574,93.534430431574,,MSP3_PMSC_ENGSOLMFC_SSI_CHN_4KM_20241124040000_0000-0000.CSV
2024-11-24 05:00:00,109.68681669059872,109.68681669059872,,MSP3_PMSC_ENGSOLMFC_SSI_CHN_4KM_20241124050000_0000-0000.CSV
2024-11-24 06:00:00,96.1857027789135,96.1857027789135,,MSP3_PMSC_ENGSOLMFC_SSI_CHN_4KM_20241124060000_0000-0000.CSV
2024-11-24 07:00:00,82.94605601384318,82.94605601384318,,MSP3_PMSC_ENGSOLMFC_SSI_CHN_4KM_20241124070000_0000-0000.CSV
2024-11-24 08:00:00,56.54447907642977,56.54447907642977,,MSP3_PMSC_ENGSOLMFC_SSI_CHN_4KM_20241124080000_0000-0000.CSV
2024-11-24 09:00:00,15.142679485778643,15.142679485778643,,MSP3_PMSC_ENGSOLMFC_SSI_CHN_4KM_20241124090000_0000-0000.CSV
2024-11-24 10:00:00,,,,MSP3_PMSC_ENGSOLMFC_SSI_CHN_4KM_20241124100000_0000-0000.CSV
2024-11-24 11:00:00,,,,MSP3_PMSC_ENGSOLMFC_SSI_CHN_4KM_20241124110000_0000-0000.CSV
2024-11-25 00:00:00,44.43027232083326,44.43027232083326,,MSP3_PMSC_ENGSOLMFC_SSI_CHN_4KM_20241125000000_0000-0000.CSV
2024-11-25 01:00:00,74.64795320931422,74.64795320931422,,MSP3_PMSC_ENGSOLMFC_SSI_CHN_4KM_20241125010000_0000-0000.CSV
2024-11-25 02:00:00,94.37074080033628,94.37074080033628,,MSP3_PMSC_ENGSOLMFC_SSI_CHN_4KM_20241125020000_0000-0000.CSV
2024-11-25 03:00:00,110.85815672927656,110.85815672927656,,MSP3_PMSC_ENGSOLMFC_SSI_CHN_4KM_20241125030000_0000-0000.CSV
2024-11-25 05:00:00,117.91607980807582,117.91607980807582,,MSP3_PMSC_ENGSOLMFC_SSI_CHN_4KM_20241125050000_0000-0000.CSV
2024-11-25 06:00:00,99.26503821841654,99.26503821841654,,MSP3_PMSC_ENGSOLMFC_SSI_CHN_4KM_20241125060000_0000-0000.CSV
2024-11-25 07:00:00,75.9256924530142,75.9256924530142,,MSP3_PMSC_ENGSOLMFC_SSI_CHN_4KM_20241125070000_0000-0000.CSV
2024-11-25 08:00:00,34.32659598563104,34.32659598563104,,MSP3_PMSC_ENGSOLMFC_SSI_CHN_4KM_20241125080000_0000-0000.CSV
2024-11-25 09:00:00,14.865982499120936,14.865982499120936,,MSP3_PMSC_ENGSOLMFC_SSI_CHN_4KM_20241125090000_0000-0000.CSV
2024-11-25 10:00:00,,,,MSP3_PMSC_ENGSOLMFC_SSI_CHN_4KM_20241125100000_0000-0000.CSV
2024-11-25 11:00:00,,,,MSP3_PMSC_ENGSOLMFC_SSI_CHN_4KM_20241125110000_0000-0000.CSV
2024-11-26 00:00:00,85.38134905970847,85.38134905970847,,MSP3_PMSC_ENGSOLMFC_SSI_CHN_4KM_20241126000000_0000-0000.CSV
2024-11-26 01:00:00,140.1253724581424,140.1253724581424,,MSP3_PMSC_ENGSOLMFC_SSI_CHN_4KM_20241126010000_0000-0000.CSV
2024-11-26 02:00:00,173.9386024849335,173.9386024849335,,MSP3_PMSC_ENGSOLMFC_SSI_CHN_4KM_20241126020000_0000-0000.CSV
2024-11-26 03:00:00,139.32757383223955,139.32757383223955,,MSP3_PMSC_ENGSOLMFC_SSI_CHN_4KM_20241126030000_0000-0000.CSV
2024-11-26 04:00:00,130.7532791552646,130.7532791552646,,MSP3_PMSC_ENGSOLMFC_SSI_CHN_4KM_20241126040000_0000-0000.CSV
2024-11-26 05:00:00,121.13085239361725,121.13085239361725,,MSP3_PMSC_ENGSOLMFC_SSI_CHN_4KM_20241126050000_0000-0000.CSV
2024-11-26 06:00:00,95.25704370199465,95.25704370199465,,MSP3_PMSC_ENGSOLMFC_SSI_CHN_4KM_20241126060000_0000-0000.CSV
2024-11-26 07:00:00,67.28168309526625,67.28168309526625,,MSP3_PMSC_ENGSOLMFC_SSI_CHN_4KM_20241126070000_0000-0000.CSV
2024-11-26 08:00:00,32.251577446244646,32.251577446244646,,MSP3_PMSC_ENGSOLMFC_SSI_CHN_4KM_20241126080000_0000-0000.CSV
2024-11-26 09:00:00,14.824345007587322,14.824345007587322,,MSP3_PMSC_ENGSOLMFC_SSI_CHN_4KM_20241126090000_0000-0000.CSV
2024-11-26 10:00:00,,,,MSP3_PMSC_ENGSOLMFC_SSI_CHN_4KM_20241126100000_0000-0000.CSV
2024-11-26 11:00:00,,,,MSP3_PMSC_ENGSOLMFC_SSI_CHN_4KM_20241126110000_0000-0000.CSV
2024-11-27 00:00:00,73.36092353476715,73.36092353476715,,MSP3_PMSC_ENGSOLMFC_SSI_CHN_4KM_20241127000000_0000-0000.CSV
2024-11-27 01:00:00,129.74414037626232,129.74414037626232,,MSP3_PMSC_ENGSOLMFC_SSI_CHN_4KM_20241127010000_0000-0000.CSV
2024-11-27 02:00:00,154.92265028889733,154.92265028889733,,MSP3_PMSC_ENGSOLMFC_SSI_CHN_4KM_20241127020000_0000-0000.CSV
2024-11-27 03:00:00,164.73440804331506,164.73440804331506,,MSP3_PMSC_ENGSOLMFC_SSI_CHN_4KM_20241127030000_0000-0000.CSV
2024-11-27 04:00:00,147.443374865937,147.443374865937,,MSP3_PMSC_ENGSOLMFC_SSI_CHN_4KM_20241127040000_0000-0000.CSV
2024-11-27 05:00:00,121.74046454163974,121.74046454163974,,MSP3_PMSC_ENGSOLMFC_SSI_CHN_4KM_20241127050000_0000-0000.CSV
2024-11-27 06:00:00,111.04924735251224,111.04924735251224,,MSP3_PMSC_ENGSOLMFC_SSI_CHN_4KM_20241127060000_0000-0000.CSV
2024-11-27 07:00:00,72.11959573944299,72.11959573944299,,MSP3_PMSC_ENGSOLMFC_SSI_CHN_4KM_20241127070000_0000-0000.CSV
2024-11-27 08:00:00,24.39948052638096,24.39948052638096,,MSP3_PMSC_ENGSOLMFC_SSI_CHN_4KM_20241127080000_0000-0000.CSV
2024-11-27 09:00:00,14.642489047135626,14.642489047135626,,MSP3_PMSC_ENGSOLMFC_SSI_CHN_4KM_20241127090000_0000-0000.CSV
2024-11-27 10:00:00,,,,MSP3_PMSC_ENGSOLMFC_SSI_CHN_4KM_20241127100000_0000-0000.CSV
2024-11-27 11:00:00,,,,MSP3_PMSC_ENGSOLMFC_SSI_CHN_4KM_20241127110000_0000-0000.CSV
2024-11-28 01:00:00,160.52765943890526,160.52765943890526,,MSP3_PMSC_ENGSOLMFC_SSI_CHN_4KM_20241128010000_0000-0000.CSV
2024-11-28 02:00:00,156.65717186519672,156.65717186519672,,MSP3_PMSC_ENGSOLMFC_SSI_CHN_4KM_20241128020000_0000-0000.CSV
2024-11-28 03:00:00,147.3613169934794,147.3613169934794,,MSP3_PMSC_ENGSOLMFC_SSI_CHN_4KM_20241128030000_0000-0000.CSV
2024-11-28 04:00:00,138.6234372462211,138.6234372462211,,MSP3_PMSC_ENGSOLMFC_SSI_CHN_4KM_20241128040000_0000-0000.CSV
2024-11-28 05:00:00,126.85036109143094,126.85036109143094,,MSP3_PMSC_ENGSOLMFC_SSI_CHN_4KM_20241128050000_0000-0000.CSV
2024-11-28 06:00:00,113.14096225800265,113.14096225800265,,MSP3_PMSC_ENGSOLMFC_SSI_CHN_4KM_20241128060000_0000-0000.CSV
2024-11-28 07:00:00,74.77035897498631,74.77035897498631,,MSP3_PMSC_ENGSOLMFC_SSI_CHN_4KM_20241128070000_0000-0000.CSV
2024-11-28 08:00:00,25.403067127872124,25.403067127872124,,MSP3_PMSC_ENGSOLMFC_SSI_CHN_4KM_20241128080000_0000-0000.CSV
2024-11-28 09:00:00,15.620801055052066,15.620801055052066,,MSP3_PMSC_ENGSOLMFC_SSI_CHN_4KM_20241128090000_0000-0000.CSV
2024-11-28 10:00:00,,,,MSP3_PMSC_ENGSOLMFC_SSI_CHN_4KM_20241128100000_0000-0000.CSV
2024-11-28 11:00:00,,,,MSP3_PMSC_ENGSOLMFC_SSI_CHN_4KM_20241128110000_0000-0000.CSV
2024-11-29 00:00:00,88.33542273297626,88.33542273297626,,MSP3_PMSC_ENGSOLMFC_SSI_CHN_4KM_20241129000000_0000-0000.CSV
2024-11-29 02:00:00,161.96499170195898,161.96499170195898,,MSP3_PMSC_ENGSOLMFC_SSI_CHN_4KM_20241129020000_0000-0000.CSV
2024-11-29 03:00:00,152.07286837204128,152.07286837204128,,MSP3_PMSC_ENGSOLMFC_SSI_CHN_4KM_20241129030000_0000-0000.CSV
2024-11-29 04:00:00,134.91843157969194,134.91843157969194,,MSP3_PMSC_ENGSOLMFC_SSI_CHN_4KM_20241129040000_0000-0000.CSV
2024-11-29 05:00:00,127.01317947796116,127.01317947796116,,MSP3_PMSC_ENGSOLMFC_SSI_CHN_4KM_20241129050000_0000-0000.CSV
2024-11-29 06:00:00,117.0972291481892,117.0972291481892,,MSP3_PMSC_ENGSOLMFC_SSI_CHN_4KM_20241129060000_0000-0000.CSV
2024-11-29 07:00:00,75.94120113181059,75.94120113181059,,MSP3_PMSC_ENGSOLMFC_SSI_CHN_4KM_20241129070000_0000-0000.CSV
2024-11-29 08:00:00,29.24837716119586,29.24837716119586,,MSP3_PMSC_ENGSOLMFC_SSI_CHN_4KM_20241129080000_0000-0000.CSV
2024-11-29 09:00:00,14.247031122853082,14.247031122853082,,MSP3_PMSC_ENGSOLMFC_SSI_CHN_4KM_20241129090000_0000-0000.CSV
2024-11-29 10:00:00,,,,MSP3_PMSC_ENGSOLMFC_SSI_CHN_4KM_20241129100000_0000-0000.CSV
2024-11-29 11:00:00,,,,MSP3_PMSC_ENGSOLMFC_SSI_CHN_4KM_20241129110000_0000-0000.CSV
2024-11-30 00:00:00,66.35215096035147,66.35215096035147,,MSP3_PMSC_ENGSOLMFC_SSI_CHN_4KM_20241130000000_0000-0000.CSV
2024-11-30 01:00:00,123.1194564944296,123.1194564944296,,MSP3_PMSC_ENGSOLMFC_SSI_CHN_4KM_20241130010000_0000-0000.CSV
2024-11-30 02:00:00,140.70843513404475,140.70843513404475,,MSP3_PMSC_ENGSOLMFC_SSI_CHN_4KM_20241130020000_0000-0000.CSV
2024-11-30 03:00:00,139.87053450668796,139.87053450668796,,MSP3_PMSC_ENGSOLMFC_SSI_CHN_4KM_20241130030000_0000-0000.CSV
2024-11-30 06:00:00,102.1061896111181,102.1061896111181,,MSP3_PMSC_ENGSOLMFC_SSI_CHN_4KM_20241130060000_0000-0000.CSV
2024-11-30 07:00:00,66.79380292896167,66.79380292896167,,MSP3_PMSC_ENGSOLMFC_SSI_CHN_4KM_20241130070000_0000-0000.CSV
2024-11-30 08:00:00,26.87399467314916,26.87399467314916,,MSP3_PMSC_ENGSOLMFC_SSI_CHN_4KM_20241130080000_0000-0000.CSV
2024-11-30 09:00:00,14.860941031646368,14.860941031646368,,MSP3_PMSC_ENGSOLMFC_SSI_CHN_4KM_20241130090000_0000-0000.CSV
2024-11-30 10:00:00,,,,MSP3_PMSC_ENGSOLMFC_SSI_CHN_4KM_20241130100000_0000-0000.CSV
2024-11-30 11:00:00,,,,MSP3_PMSC_ENGSOLMFC_SSI_CHN_4KM_20241130110000_0000-0000.CSV
2024-12-01 00:00:00,75.62064247678234,75.62064247678234,,MSP3_PMSC_ENGSOLMFC_SSI_CHN_4KM_20241201000000_0000-0000.CSV
2024-12-01 01:00:00,123.14718619563892,123.14718619563892,,MSP3_PMSC_ENGSOLMFC_SSI_CHN_4KM_20241201010000_0000-0000.CSV
2024-12-01 02:00:00,145.79991175191185,145.79991175191185,,MSP3_PMSC_ENGSOLMFC_SSI_CHN_4KM_20241201020000_0000-0000.CSV
2024-12-01 03:00:00,136.95043130709007,136.95043130709007,,MSP3_PMSC_ENGSOLMFC_SSI_CHN_4KM_20241201030000_0000-0000.CSV
2024-12-01 04:00:00,115.12207949294351,115.12207949294351,,MSP3_PMSC_ENGSOLMFC_SSI_CHN_4KM_20241201040000_0000-0000.CSV
2024-12-01 05:00:00,104.23589412334216,104.23589412334216,,MSP3_PMSC_ENGSOLMFC_SSI_CHN_4KM_20241201050000_0000-0000.CSV
2024-12-01 06:00:00,93.32536335264524,93.32536335264524,,MSP3_PMSC_ENGSOLMFC_SSI_CHN_4KM_20241201060000_0000-0000.CSV
2024-12-01 07:00:00,63.41590844164598,63.41590844164598,,MSP3_PMSC_ENGSOLMFC_SSI_CHN_4KM_20241201070000_0000-0000.CSV
2024-12-01 08:00:00,26.416509003607132,26.416509003607132,,MSP3_PMSC_ENGSOLMFC_SSI_CHN_4KM_20241201080000_0000-0000.CSV
2024-12-01 09:00:00,14.394898558559069,14.394898558559069,,MSP3_PMSC_ENGSOLMFC_SSI_CHN_4KM_20241201090000_0000-0000.CSV
2024-12-01 10:00:00,,,,MSP3_PMSC_ENGSOLMFC_SSI_CHN_4KM_20241201100000_0000-0000.CSV
2024-12-01 11:00:00,,,,MSP3_PMSC_ENGSOLMFC_SSI_CHN_4KM_20241201110000_0000-0000.CSV
2024-12-02 00:00:00,67.23241331971512,67.23241331971512,,MSP3_PMSC_ENGSOLMFC_SSI_CHN_4KM_20241202000000_0000-0000.CSV
2024-12-02 01:00:00,120.5488022241791,120.5488022241791,,MSP3_PMSC_ENGSOLMFC_SSI_CHN_4KM_20241202010000_0000-0000.CSV
2024-12-02 02:00:00,145.8129474422028,145.8129474422028,,MSP3_PMSC_ENGSOLMFC_SSI_CHN_4KM_20241202020000_0000-0000.CSV
2024-12-02 03:00:00,140.08792819816526,140.08792819816526,,MSP3_PMSC_ENGSOLMFC_SSI_CHN_4KM_20241202030000_0000-0000.CSV
2024-12-02 04:00:00,131.82922390256016,131.82922390256016,,MSP3_PMSC_ENGSOLMFC_SSI_CHN_4KM_20241202040000_0000-0000.CSV
2024-12-02 05:00:00,124.66784213814142,124.66784213814142,,MSP3_PMSC_ENGSOLMFC_SSI_CHN_4KM_20241202050000_0000-0000.CSV
2024-12-02 06:00:00,105.47370746688532,105.47370746688532,,MSP3_PMSC_ENGSOLMFC_SSI_CHN_4KM_20241202060000_0000-0000.CSV
2024-12-02 07:00:00,74.95158653585035,74.95158653585035,,MSP3_PMSC_ENGSOLMFC_SSI_CHN_4KM_20241202070000_0000-0000.CSV
2024-12-02 08:00:00,31.37916425885909,31.37916425885909,,MSP3_PMSC_ENGSOLMFC_SSI_CHN_4KM_20241202080000_0000-0000.CSV
2024-12-02 09:00:00,14.939156023885255,14.939156023885255,,MSP3_PMSC_ENGSOLMFC_SSI_CHN_4KM_20241202090000_0000-0000.CSV
2024-12-02 10:00:00,,,,MSP3_PMSC_ENGSOLMFC_SSI_CHN_4KM_20241202100000_0000-0000.CSV
2024-12-02 11:00:00,,,,MSP3_PMSC_ENGSOLMFC_SSI_CHN_4KM_20241202110000_0000-0000.CSV
2024-12-03 00:00:00,45.20789352899356,45.20789352899356,,MSP3_PMSC_ENGSOLMFC_SSI_CHN_4KM_20241203000000_0000-0000.CSV
2024-12-03 01:00:00,89.4770134597759,89.4770134597759,,MSP3_PMSC_ENGSOLMFC_SSI_CHN_4KM_20241203010000_0000-0000.CSV
2024-12-03 02:00:00,116.07922318018063,116.07922318018063,,MSP3_PMSC_ENGSOLMFC_SSI_CHN_4KM_20241203020000_0000-0000.CSV
2024-12-03 03:00:00,128.87780714812902,128.87780714812902,,MSP3_PMSC_ENGSOLMFC_SSI_CHN_4KM_20241203030000_0000-0000.CSV
2024-12-03 04:00:00,123.89822739980777,123.89822739980777,,MSP3_PMSC_ENGSOLMFC_SSI_CHN_4KM_20241203040000_0000-0000.CSV
2024-12-03 06:00:00,107.3853234589702,107.3853234589702,,MSP3_PMSC_ENGSOLMFC_SSI_CHN_4KM_20241203060000_0000-0000.CSV
2024-12-03 07:00:00,65.94171431843596,65.94171431843596,,MSP3_PMSC_ENGSOLMFC_SSI_CHN_4KM_20241203070000_0000-0000.CSV
2024-12-03 08:00:00,33.33051329748223,33.33051329748223,,MSP3_PMSC_ENGSOLMFC_SSI_CHN_4KM_20241203080000_0000-0000.CSV
2024-12-03 09:00:00,16.212744739939083,16.212744739939083,,MSP3_PMSC_ENGSOLMFC_SSI_CHN_4KM_20241203090000_0000-0000.CSV
2024-12-03 10:00:00,,,,MSP3_PMSC_ENGSOLMFC_SSI_CHN_4KM_20241203100000_0000-0000.CSV
2024-12-03 11:00:00,,,,MSP3_PMSC_ENGSOLMFC_SSI_CHN_4KM_20241203110000_0000-0000.CSV
2024-12-04 00:00:00,40.05882172727748,40.05882172727748,,MSP3_PMSC_ENGSOLMFC_SSI_CHN_4KM_20241204000000_0000-0000.CSV
2024-12-04 01:00:00,73.68928560394546,73.68928560394546,,MSP3_PMSC_ENGSOLMFC_SSI_CHN_4KM_20241204010000_0000-0000.CSV
2024-12-04 02:00:00,92.7192586042189,92.7192586042189,,MSP3_PMSC_ENGSOLMFC_SSI_CHN_4KM_20241204020000_0000-0000.CSV
2024-12-04 03:00:00,114.58147370361888,114.58147370361888,,MSP3_PMSC_ENGSOLMFC_SSI_CHN_4KM_20241204030000_0000-0000.CSV
2024-12-04 04:00:00,115.28913410298372,115.28913410298372,,MSP3_PMSC_ENGSOLMFC_SSI_CHN_4KM_20241204040000_0000-0000.CSV
2024-12-04 05:00:00,127.55429127251216,127.55429127251216,,MSP3_PMSC_ENGSOLMFC_SSI_CHN_4KM_20241204050000_0000-0000.CSV
2024-12-04 06:00:00,100.72756372143684,100.72756372143684,,MSP3_PMSC_ENGSOLMFC_SSI_CHN_4KM_20241204060000_0000-0000.CSV
2024-12-04 07:00:00,69.42014465293921,69.42014465293921,,MSP3_PMSC_ENGSOLMFC_SSI_CHN_4KM_20241204070000_0000-0000.CSV
2024-12-04 08:00:00,44.74718016022912,44.74718016022912,,MSP3_PMSC_ENGSOLMFC_SSI_CHN_4KM_20241204080000_0000-0000.CSV
2024-12-04 09:00:00,15.985720143274024,15.985720143274024,,MSP3_PMSC_ENGSOLMFC_SSI_CHN_4KM_20241204090000_0000-0000.CSV
2024-12-04 10:00:00,,,,MSP3_PMSC_ENGSOLMFC_SSI_CHN_4KM_20241204100000_0000-0000.CSV
2024-12-04 11:00:00,,,,MSP3_PMSC_ENGSOLMFC_SSI_CHN_4KM_20241204110000_0000-0000.CSV
2024-12-05 00:00:00,52.23667500785604,52.23667500785604,,MSP3_PMSC_ENGSOLMFC_SSI_CHN_4KM_20241205000000_0000-0000.CSV
2024-12-05 01:00:00,87.12095632743063,87.12095632743063,,MSP3_PMSC_ENGSOLMFC_SSI_CHN_4KM_20241205010000_0000-0000.CSV
2024-12-05 03:00:00,125.5538296405853,125.5538296405853,,MSP3_PMSC_ENGSOLMFC_SSI_CHN_4KM_20241205030000_0000-0000.CSV
2024-12-05 04:00:00,131.45170212801173,131.45170212801173,,MSP3_PMSC_ENGSOLMFC_SSI_CHN_4KM_20241205040000_0000-0000.CSV
2024-12-05 05:00:00,120.50586042027216,120.50586042027216,,MSP3_PMSC_ENGSOLMFC_SSI_CHN_4KM_20241205050000_0000-0000.CSV
2024-12-05 06:00:00,97.33254044078942,97.33254044078942,,MSP3_PMSC_ENGSOLMFC_SSI_CHN_4KM_20241205060000_0000-0000.CSV
2024-12-05 07:00:00,65.07135600224484,65.07135600224484,,MSP3_PMSC_ENGSOLMFC_SSI_CHN_4KM_20241205070000_0000-0000.CSV
2024-12-05 08:00:00,38.073400229403305,38.073400229403305,,MSP3_PMSC_ENGSOLMFC_SSI_CHN_4KM_20241205080000_0000-0000.CSV
2024-12-05 09:00:00,16.26249621869237,16.26249621869237,,MSP3_PMSC_ENGSOLMFC_SSI_CHN_4KM_20241205090000_0000-0000.CSV
2024-12-05 10:00:00,,,,MSP3_PMSC_ENGSOLMFC_SSI_CHN_4KM_20241205100000_0000-0000.CSV
2024-12-05 11:00:00,,,,MSP3_PMSC_ENGSOLMFC_SSI_CHN_4KM_20241205110000_0000-0000.CSV
2024-12-06 00:00:00,56.73721505836595,56.73721505836595,,MSP3_PMSC_ENGSOLMFC_SSI_CHN_4KM_20241206000000_0000-0000.CSV
2024-12-06 01:00:00,94.67291498061026,94.67291498061026,,MSP3_PMSC_ENGSOLMFC_SSI_CHN_4KM_20241206010000_0000-0000.CSV
2024-12-06 02:00:00,135.34492602940475,135.34492602940475,,MSP3_PMSC_ENGSOLMFC_SSI_CHN_4KM_20241206020000_0000-0000.CSV
2024-12-06 03:00:00,133.03049373614834,133.03049373614834,,MSP3_PMSC_ENGSOLMFC_SSI_CHN_4KM_20241206030000_0000-0000.CSV
2024-12-06 04:00:00,120.02141861635096,120.02141861635096,,MSP3_PMSC_ENGSOLMFC_SSI_CHN_4KM_20241206040000_0000-0000.CSV
2024-12-06 05:00:00,118.19111669969602,118.19111669969602,,MSP3_PMSC_ENGSOLMFC_SSI_CHN_4KM_20241206050000_0000-0000.CSV
2024-12-06 06:00:00,89.79632658882745,89.79632658882745,,MSP3_PMSC_ENGSOLMFC_SSI_CHN_4KM_20241206060000_0000-0000.CSV
2024-12-06 08:00:00,33.52243600347305,33.52243600347305,,MSP3_PMSC_ENGSOLMFC_SSI_CHN_4KM_20241206080000_0000-0000.CSV
2024-12-06 09:00:00,16.436269151980493,16.436269151980493,,MSP3_PMSC_ENGSOLMFC_SSI_CHN_4KM_20241206090000_0000-0000.CSV
2024-12-06 10:00:00,,,,MSP3_PMSC_ENGSOLMFC_SSI_CHN_4KM_20241206100000_0000-0000.CSV
2024-12-06 11:00:00,,,,MSP3_PMSC_ENGSOLMFC_SSI_CHN_4KM_20241206110000_0000-0000.CSV
2024-12-07 00:00:00,47.60942758929774,47.60942758929774,,MSP3_PMSC_ENGSOLMFC_SSI_CHN_4KM_20241207000000_0000-0000.CSV
2024-12-07 01:00:00,102.88469639884102,102.88469639884102,,MSP3_PMSC_ENGSOLMFC_SSI_CHN_4KM_20241207010000_0000-0000.CSV
2024-12-07 02:00:00,126.76306632057066,126.76306632057066,,MSP3_PMSC_ENGSOLMFC_SSI_CHN_4KM_20241207020000_0000-0000.CSV
2024-12-07 03:00:00,128.5120773812896,128.5120773812896,,MSP3_PMSC_ENGSOLMFC_SSI_CHN_4KM_20241207030000_0000-0000.CSV
2024-12-07 04:00:00,136.5102649005447,136.5102649005447,,MSP3_PMSC_ENGSOLMFC_SSI_CHN_4KM_20241207040000_0000-0000.CSV
2024-12-07 05:00:00,124.639218507049,124.639218507049,,MSP3_PMSC_ENGSOLMFC_SSI_CHN_4KM_20241207050000_0000-0000.CSV
2024-12-07 06:00:00,105.50768261305934,105.50768261305934,,MSP3_PMSC_ENGSOLMFC_SSI_CHN_4KM_20241207060000_0000-0000.CSV
2024-12-07 07:00:00,69.21467863785453,69.21467863785453,,MSP3_PMSC_ENGSOLMFC_SSI_CHN_4KM_20241207070000_0000-0000.CSV
2024-12-07 08:00:00,35.20834633028443,35.20834633028443,,MSP3_PMSC_ENGSOLMFC_SSI_CHN_4KM_20241207080000_0000-0000.CSV
2024-12-07 09:00:00,15.888397686017887,15.888397686017887,,MSP3_PMSC_ENGSOLMFC_SSI_CHN_4KM_20241207090000_0000-0000.CSV
2024-12-07 10:00:00,,,,MSP3_PMSC_ENGSOLMFC_SSI_CHN_4KM_20241207100000_0000-0000.CSV
2024-12-08 00:00:00,65.45207927827889,65.45207927827889,,MSP3_PMSC_ENGSOLMFC_SSI_CHN_4KM_20241208000000_0000-0000.CSV
2024-12-08 01:00:00,127.35528759503713,127.35528759503713,,MSP3_PMSC_ENGSOLMFC_SSI_CHN_4KM_20241208010000_0000-0000.CSV
2024-12-08 02:00:00,145.18548054376052,145.18548054376052,,MSP3_PMSC_ENGSOLMFC_SSI_CHN_4KM_20241208020000_0000-0000.CSV
2024-12-08 03:00:00,145.64514900643965,145.64514900643965,,MSP3_PMSC_ENGSOLMFC_SSI_CHN_4KM_20241208030000_0000-0000.CSV
2024-12-08 04:00:00,139.50686257519976,139.50686257519976,,MSP3_PMSC_ENGSOLMFC_SSI_CHN_4KM_20241208040000_0000-0000.CSV
2024-12-08 06:00:00,120.911161330449,120.911161330449,,MSP3_PMSC_ENGSOLMFC_SSI_CHN_4KM_20241208060000_0000-0000.CSV
2024-12-08 07:00:00,74.7998701159842,74.7998701159842,,MSP3_PMSC_ENGSOLMFC_SSI_CHN_4KM_20241208070000_0000-0000.CSV
2024-12-08 08:00:00,39.38319341740857,39.38319341740857,,MSP3_PMSC_ENGSOLMFC_SSI_CHN_4KM_20241208080000_0000-0000.CSV
2024-12-08 09:00:00,15.438505339524385,15.438505339524385,,MSP3_PMSC_ENGSOLMFC_SSI_CHN_4KM_20241208090000_0000-0000.CSV
2024-12-08 10:00:00,,,,MSP3_PMSC_ENGSOLMFC_SSI_CHN_4KM_20241208100000_0000-0000.CSV
2024-12-08 11:00:00,,,,MSP3_PMSC_ENGSOLMFC_SSI_CHN_4KM_20241208110000_0000-0000.CSV
2024-12-09 01:00:00,59.03931916211945,59.03931916211945,,MSP3_PMSC_ENGSOLMFC_SSI_CHN_4KM_20241209010000_0000-0000.CSV
2024-12-09 02:00:00,86.7309240701226,86.7309240701226,,MSP3_PMSC_ENGSOLMFC_SSI_CHN_4KM_20241209020000_0000-0000.CSV
2024-12-09 03:00:00,101.0816830107626,101.0816830107626,,MSP3_PMSC_ENGSOLMFC_SSI_CHN_4KM_20241209030000_0000-0000.CSV
2024-12-09 04:00:00,104.7012316885152,104.7012316885152,,MSP3_PMSC_ENGSOLMFC_SSI_CHN_4KM_20241209040000_0000-0000.CSV
2024-12-09 05:00:00,105.74387935540707,105.74387935540707,,MSP3_PMSC_ENGSOLMFC_SSI_CHN_4KM_20241209050000_0000-0000.CSV
2024-12-09 06:00:00,96.41450998778988,96.41450998778988,,MSP3_PMSC_ENGSOLMFC_SSI_CHN_4KM_20241209060000_0000-0000.CSV
2024-12-09 07:00:00,68.36115546373382,68.36115546373382,,MSP3_PMSC_ENGSOLMFC_SSI_CHN_4KM_20241209070000_0000-0000.CSV
2024-12-09 08:00:00,45.875650646723344,45.875650646723344,,MSP3_PMSC_ENGSOLMFC_SSI_CHN_4KM_20241209080000_0000-0000.CSV
2024-12-09 09:00:00,15.536412978732685,15.536412978732685,,MSP3_PMSC_ENGSOLMFC_SSI_CHN_4KM_20241209090000_0000-0000.CSV
2024-12-09 10:00:00,,,,MSP3_PMSC_ENGSOLMFC_SSI_CHN_4KM_20241209100000_0000-0000.CSV
2024-12-09 11:00:00,,,,MSP3_PMSC_ENGSOLMFC_SSI_CHN_4KM_20241209110000_0000-0000.CSV
2024-12-10 00:00:00,33.238079191666344,33.238079191666344,,MSP3_PMSC_ENGSOLMFC_SSI_CHN_4KM_20241210000000_0000-0000.CSV
2024-12-10 01:00:00,61.17675701291535,61.17675701291535,,MSP3_PMSC_ENGSOLMFC_SSI_CHN_4KM_20241210010000_0000-0000.CSV
2024-12-10 02:00:00,82.30975678610424,82.30975678610424,,MSP3_PMSC_ENGSOLMFC_SSI_CHN_4KM_20241210020000_0000-0000.CSV
2024-12-10 03:00:00,98.35230847385232,98.35230847385232,,MSP3_PMSC_ENGSOLMFC_SSI_CHN_4KM_20241210030000_0000-0000.CSV
2024-12-10 04:00:00,98.67745127752104,98.67745127752104,,MSP3_PMSC_ENGSOLMFC_SSI_CHN_4KM_20241210040000_0000-0000.CSV
2024-12-10 05:00:00,112.48385036317129,112.48385036317129,,MSP3_PMSC_ENGSOLMFC_SSI_CHN_4KM_20241210050000_0000-0000.CSV
2024-12-10 06:00:00,97.4387324428861,97.4387324428861,,MSP3_PMSC_ENGSOLMFC_SSI_CHN_4KM_20241210060000_0000-0000.CSV
2024-12-10 07:00:00,72.07844115563802,72.07844115563802,,MSP3_PMSC_ENGSOLMFC_SSI_CHN_4KM_20241210070000_0000-0000.CSV
2024-12-10 08:00:00,51.487039989977546,51.487039989977546,,MSP3_PMSC_ENGSOLMFC_SSI_CHN_4KM_20241210080000_0000-0000.CSV
2024-12-10 09:00:00,14.815755141659231,14.815755141659231,,MSP3_PMSC_ENGSOLMFC_SSI_CHN_4KM_20241210090000_0000-0000.CSV
2024-12-10 10:00:00,,,,MSP3_PMSC_ENGSOLMFC_SSI_CHN_4KM_20241210100000_0000-0000.CSV
2024-12-10 11:00:00,,,,MSP3_PMSC_ENGSOLMFC_SSI_CHN_4KM_20241210110000_0000-0000.CSV
2024-12-11 00:00:00,39.52130266212872,39.52130266212872,,MSP3_PMSC_ENGSOLMFC_SSI_CHN_4KM_20241211000000_0000-0000.CSV
2024-12-11 01:00:00,75.45945069930397,75.45945069930397,,MSP3_PMSC_ENGSOLMFC_SSI_CHN_4KM_20241211010000_0000-0000.CSV
2024-12-11 02:00:00,109.48544926749037,109.48544926749037,,MSP3_PMSC_ENGSOLMFC_SSI_CHN_4KM_20241211020000_0000-0000.CSV
2024-12-11 03:00:00,121.12457090068256,121.12457090068256,,MSP3_PMSC_ENGSOLMFC_SSI_CHN_4KM_20241211030000_0000-0000.CSV
2024-12-11 04:00:00,105.2129294216466,105.2129294216466,,MSP3_PMSC_ENGSOLMFC_SSI_CHN_4KM_20241211040000_0000-0000.CSV
2024-12-11 05:00:00,107.11199797798622,107.11199797798622,,MSP3_PMSC_ENGSOLMFC_SSI_CHN_4KM_20241211050000_0000-0000.CSV
2024-12-11 06:00:00,100.31000129965062,100.31000129965062,,MSP3_PMSC_ENGSOLMFC_SSI_CHN_4KM_20241211060000_0000-0000.CSV
2024-12-11 07:00:00,63.30647050965494,63.30647050965494,,MSP3_PMSC_ENGSOLMFC_SSI_CHN_4KM_20241211070000_0000-0000.CSV
2024-12-11 08:00:00,37.907075083280326,37.907075083280326,,MSP3_PMSC_ENGSOLMFC_SSI_CHN_4KM_20241211080000_0000-0000.CSV
2024-12-11 09:00:00,16.115824670988463,16.115824670988463,,MSP3_PMSC_ENGSOLMFC_SSI_CHN_4KM_20241211090000_0000-0000.CSV
2024-12-11 10:00:00,,,,MSP3_PMSC_ENGSOLMFC_SSI_CHN_4KM_20241211100000_0000-0000.CSV
2024-12-11 11:00:00,,,,MSP3_PMSC_ENGSOLMFC_SSI_CHN_4KM_20241211110000_0000-0000.CSV
2024-12-12 00:00:00,32.60929229301197,32.60929229301197,,MSP3_PMSC_ENGSOLMFC_SSI_CHN_4KM_20241212000000_0000-0000.CSV
2024-12-12 01:00:00,59.56487596437801,59.56487596437801,,MSP3_PMSC_ENGSOLMFC_SSI_CHN_4KM_20241212010000_0000-0000.CSV
2024-12-12 02:00:00,81.75188775710456,81.75188775710456,,MSP3_PMSC_ENGSOLMFC_SSI_CHN_4KM_20241212020000_0000-0000.CSV
2024-12-12 03:00:00,97.80827785788644,97.80827785788644,,MSP3_PMSC_ENGSOLMFC_SSI_CHN_4KM_20241212030000_0000-0000.CSV
2024-12-12 04:00:00,93.56567053725226,93.56567053725226,,MSP3_PMSC_ENGSOLMFC_SSI_CHN_4KM_20241212040000_0000-0000.CSV
2024-12-12 05:00:00,99.78471017014031,99.78471017014031,,MSP3_PMSC_ENGSOLMFC_SSI_CHN_4KM_20241212050000_0000-0000.CSV
2024-12-12 06:00:00,101.59591838536946,101.59591838536946,,MSP3_PMSC_ENGSOLMFC_SSI_CHN_4KM_20241212060000_0000-0000.CSV
2024-12-12 07:00:00,76.98760645650681,76.98760645650681,,MSP3_PMSC_ENGSOLMFC_SSI_CHN_4KM_20241212070000_0000-0000.CSV
2024-12-12 08:00:00,52.03098490806809,52.03098490806809,,MSP3_PMSC_ENGSOLMFC_SSI_CHN_4KM_20241212080000_0000-0000.CSV
2024-12-12 09:00:00,16.62379497448858,16.62379497448858,,MSP3_PMSC_ENGSOLMFC_SSI_CHN_4KM_20241212090000_0000-0000.CSV
2024-12-12 10:00:00,,,,MSP3_PMSC_ENGSOLMFC_SSI_CHN_4KM_20241212100000_0000-0000.CSV
2024-12-12 11:00:00,,,,MSP3_PMSC_ENGSOLMFC_SSI_CHN_4KM_20241212110000_0000-0000.CSV
2024-12-13 01:00:00,95.1452837793865,95.1452837793865,,MSP3_PMSC_ENGSOLMFC_SSI_CHN_4KM_20241213010000_0000-0000.CSV
2024-12-13 02:00:00,126.31588221539744,126.31588221539744,,MSP3_PMSC_ENGSOLMFC_SSI_CHN_4KM_20241213020000_0000-0000.CSV
2024-12-13 03:00:00,136.71003282448973,136.71003282448973,,MSP3_PMSC_ENGSOLMFC_SSI_CHN_4KM_20241213030000_0000-0000.CSV
2024-12-13 04:00:00,144.55478457616184,144.55478457616184,,MSP3_PMSC_ENGSOLMFC_SSI_CHN_4KM_20241213040000_0000-0000.CSV
2024-12-13 05:00:00,136.02038347800908,136.02038347800908,,MSP3_PMSC_ENGSOLMFC_SSI_CHN_4KM_20241213050000_0000-0000.CSV
2024-12-13 06:00:00,111.83780181242687,111.83780181242687,,MSP3_PMSC_ENGSOLMFC_SSI_CHN_4KM_20241213060000_0000-0000.CSV
2024-12-13 07:00:00,75.98045827901423,75.98045827901423,,MSP3_PMSC_ENGSOLMFC_SSI_CHN_4KM_20241213070000_0000-0000.CSV
2024-12-13 09:00:00,17.153932161076266,17.153932161076266,,MSP3_PMSC_ENGSOLMFC_SSI_CHN_4KM_20241213090000_0000-0000.CSV
2024-12-13 10:00:00,,,,MSP3_PMSC_ENGSOLMFC_SSI_CHN_4KM_20241213100000_0000-0000.CSV
2024-12-13 11:00:00,,,,MSP3_PMSC_ENGSOLMFC_SSI_CHN_4KM_20241213110000_0000-0000.CSV
2024-12-14 00:00:00,62.766995552624046,62.766995552624046,,MSP3_PMSC_ENGSOLMFC_SSI_CHN_4KM_20241214000000_0000-0000.CSV
2024-12-14 01:00:00,122.07147978506586,122.07147978506586,,MSP3_PMSC_ENGSOLMFC_SSI_CHN_4KM_20241214010000_0000-0000.CSV
2024-12-14 02:00:00,154.58178050625574,154.58178050625574,,MSP3_PMSC_ENGSOLMFC_SSI_CHN_4KM_20241214020000_0000-0000.CSV
2024-12-14 03:00:00,158.31786055471025,158.31786055471025,,MSP3_PMSC_ENGSOLMFC_SSI_CHN_4KM_20241214030000_0000-0000.CSV
2024-12-14 04:00:00,140.59446363411624,140.59446363411624,,MSP3_PMSC_ENGSOLMFC_SSI_CHN_4KM_20241214040000_0000-0000.CSV
2024-12-14 05:00:00,131.30778806609365,131.30778806609365,,MSP3_PMSC_ENGSOLMFC_SSI_CHN_4KM_20241214050000_0000-0000.CSV
2024-12-14 06:00:00,112.99465781151302,112.99465781151302,,MSP3_PMSC_ENGSOLMFC_SSI_CHN_4KM_20241214060000_0000-0000.CSV
2024-12-14 07:00:00,73.93936794834205,73.93936794834205,,MSP3_PMSC_ENGSOLMFC_SSI_CHN_4KM_20241214070000_0000-0000.CSV
2024-12-14 08:00:00,22.52154895122422,22.52154895122422,,MSP3_PMSC_ENGSOLMFC_SSI_CHN_4KM_20241214080000_0000-0000.CSV
2024-12-14 09:00:00,14.903516761047973,14.903516761047973,,MSP3_PMSC_ENGSOLMFC_SSI_CHN_4KM_20241214090000_0000-0000.CSV
2024-12-14 10:00:00,,,,MSP3_PMSC_ENGSOLMFC_SSI_CHN_4KM_20241214100000_0000-0000.CSV
2024-12-14 11:00:00,,,,MSP3_PMSC_ENGSOLMFC_SSI_CHN_4KM_20241214110000_0000-0000.CSV
2024-12-15 00:00:00,69.42226760951644,69.42226760951644,,MSP3_PMSC_ENGSOLMFC_SSI_CHN_4KM_20241215000000_0000-0000.CSV
2024-12-15 01:00:00,133.78187628995883,133.78187628995883,,MSP3_PMSC_ENGSOLMFC_SSI_CHN_4KM_20241215010000_0000-0000.CSV
2024-12-15 02:00:00,171.0579543239456,171.0579543239456,,MSP3_PMSC_ENGSOLMFC_SSI_CHN_4KM_20241215020000_0000-0000.CSV
2024-12-15 03:00:00,164.3379547826979,164.3379547826979,,MSP3_PMSC_ENGSOLMFC_SSI_CHN_4KM_20241215030000_0000-0000.CSV
2024-12-15 05:00:00,141.10236443629452,141.10236443629452,,MSP3_PMSC_ENGSOLMFC_SSI_CHN_4KM_20241215050000_0000-0000.CSV
2024-12-15 06:00:00,130.82584420779247,130.82584420779247,,MSP3_PMSC_ENGSOLMFC_SSI_CHN_4KM_20241215060000_0000-0000.CSV
2024-12-15 07:00:00,78.58597714064614,78.58597714064614,,MSP3_PMSC_ENGSOLMFC_SSI_CHN_4KM_20241215070000_0000-0000.CSV
2024-12-15 08:00:00,27.315870962293907,27.315870962293907,,MSP3_PMSC_ENGSOLMFC_SSI_CHN_4KM_20241215080000_0000-0000.CSV
2024-12-15 09:00:00,16.194938274994737,16.194938274994737,,MSP3_PMSC_ENGSOLMFC_SSI_CHN_4KM_20241215090000_0000-0000.CSV
2024-12-15 10:00:00,,,,MSP3_PMSC_ENGSOLMFC_SSI_CHN_4KM_20241215100000_0000-0000.CSV
2024-12-15 11:00:00,,,,MSP3_PMSC_ENGSOLMFC_SSI_CHN_4KM_20241215110000_0000-0000.CSV
2024-12-16 00:00:00,67.80947606709212,67.80947606709212,,MSP3_PMSC_ENGSOLMFC_SSI_CHN_4KM_20241216000000_0000-0000.CSV
2024-12-16 01:00:00,130.1927123287443,130.1927123287443,,MSP3_PMSC_ENGSOLMFC_SSI_CHN_4KM_20241216010000_0000-0000.CSV
2024-12-16 02:00:00,163.83878400359873,163.83878400359873,,MSP3_PMSC_ENGSOLMFC_SSI_CHN_4KM_20241216020000_0000-0000.CSV
2024-12-16 04:00:00,148.77332814504229,148.77332814504229,,MSP3_PMSC_ENGSOLMFC_SSI_CHN_4KM_20241216040000_0000-0000.CSV
2024-12-16 05:00:00,131.94004806705604,131.94004806705604,,MSP3_PMSC_ENGSOLMFC_SSI_CHN_4KM_20241216050000_0000-0000.CSV
2024-12-16 06:00:00,109.5487255764892,109.5487255764892,,MSP3_PMSC_ENGSOLMFC_SSI_CHN_4KM_20241216060000_0000-0000.CSV
2024-12-16 07:00:00,72.97610928664206,72.97610928664206,,MSP3_PMSC_ENGSOLMFC_SSI_CHN_4KM_20241216070000_0000-0000.CSV
2024-12-16 08:00:00,25.11734918103016,25.11734918103016,,MSP3_PMSC_ENGSOLMFC_SSI_CHN_4KM_20241216080000_0000-0000.CSV
2024-12-16 09:00:00,15.236896505458386,15.236896505458386,,MSP3_PMSC_ENGSOLMFC_SSI_CHN_4KM_20241216090000_0000-0000.CSV
2024-12-16 10:00:00,,,,MSP3_PMSC_ENGSOLMFC_SSI_CHN_4KM_20241216100000_0000-0000.CSV
2024-12-16 11:00:00,,,,MSP3_PMSC_ENGSOLMFC_SSI_CHN_4KM_20241216110000_0000-0000.CSV
2024-12-17 00:00:00,55.34246366062818,55.34246366062818,,MSP3_PMSC_ENGSOLMFC_SSI_CHN_4KM_20241217000000_0000-0000.CSV
2024-12-17 01:00:00,106.76227888684032,106.76227888684032,,MSP3_PMSC_ENGSOLMFC_SSI_CHN_4KM_20241217010000_0000-0000.CSV
2024-12-17 02:00:00,136.73958584276835,136.73958584276835,,MSP3_PMSC_ENGSOLMFC_SSI_CHN_4KM_20241217020000_0000-0000.CSV
2024-12-17 04:00:00,135.19115893118004,135.19115893118004,,MSP3_PMSC_ENGSOLMFC_SSI_CHN_4KM_20241217040000_0000-0000.CSV
2024-12-17 05:00:00,119.6291384285545,119.6291384285545,,MSP3_PMSC_ENGSOLMFC_SSI_CHN_4KM_20241217050000_0000-0000.CSV
2024-12-17 06:00:00,102.60981505203787,102.60981505203787,,MSP3_PMSC_ENGSOLMFC_SSI_CHN_4KM_20241217060000_0000-0000.CSV
2024-12-17 07:00:00,67.8485402651821,67.8485402651821,,MSP3_PMSC_ENGSOLMFC_SSI_CHN_4KM_20241217070000_0000-0000.CSV
2024-12-17 08:00:00,26.834982671746083,26.834982671746083,,MSP3_PMSC_ENGSOLMFC_SSI_CHN_4KM_20241217080000_0000-0000.CSV
2024-12-17 09:00:00,15.624003658726297,15.624003658726297,,MSP3_PMSC_ENGSOLMFC_SSI_CHN_4KM_20241217090000_0000-0000.CSV
2024-12-17 10:00:00,,,,MSP3_PMSC_ENGSOLMFC_SSI_CHN_4KM_20241217100000_0000-0000.CSV
2024-12-17 11:00:00,,,,MSP3_PMSC_ENGSOLMFC_SSI_CHN_4KM_20241217110000_0000-0000.CSV
2024-12-18 01:00:00,113.74352516000236,113.74352516000236,,MSP3_PMSC_ENGSOLMFC_SSI_CHN_4KM_20241218010000_0000-0000.CSV
2024-12-18 02:00:00,142.58318129532302,142.58318129532302,,MSP3_PMSC_ENGSOLMFC_SSI_CHN_4KM_20241218020000_0000-0000.CSV
2024-12-18 03:00:00,143.6724811784048,143.6724811784048,,MSP3_PMSC_ENGSOLMFC_SSI_CHN_4KM_20241218030000_0000-0000.CSV
2024-12-18 04:00:00,139.09515098772388,139.09515098772388,,MSP3_PMSC_ENGSOLMFC_SSI_CHN_4KM_20241218040000_0000-0000.CSV
2024-12-18 05:00:00,123.18766286005564,123.18766286005564,,MSP3_PMSC_ENGSOLMFC_SSI_CHN_4KM_20241218050000_0000-0000.CSV
2024-12-18 06:00:00,100.42280019487056,100.42280019487056,,MSP3_PMSC_ENGSOLMFC_SSI_CHN_4KM_20241218060000_0000-0000.CSV
2024-12-18 07:00:00,64.7315934300816,64.7315934300816,,MSP3_PMSC_ENGSOLMFC_SSI_CHN_4KM_20241218070000_0000-0000.CSV
2024-12-18 08:00:00,28.55066025547388,28.55066025547388,,MSP3_PMSC_ENGSOLMFC_SSI_CHN_4KM_20241218080000_0000-0000.CSV
2024-12-18 09:00:00,16.910629225667865,16.910629225667865,,MSP3_PMSC_ENGSOLMFC_SSI_CHN_4KM_20241218090000_0000-0000.CSV
2024-12-18 10:00:00,,,,MSP3_PMSC_ENGSOLMFC_SSI_CHN_4KM_20241218100000_0000-0000.CSV
2024-12-18 11:00:00,,,,MSP3_PMSC_ENGSOLMFC_SSI_CHN_4KM_20241218110000_0000-0000.CSV
2024-12-19 00:00:00,44.83496772276707,44.83496772276707,,MSP3_PMSC_ENGSOLMFC_SSI_CHN_4KM_20241219000000_0000-0000.CSV
2024-12-19 01:00:00,73.93939435148921,73.93939435148921,,MSP3_PMSC_ENGSOLMFC_SSI_CHN_4KM_20241219010000_0000-0000.CSV
2024-12-19 02:00:00,77.97177197688521,77.97177197688521,,MSP3_PMSC_ENGSOLMFC_SSI_CHN_4KM_20241219020000_0000-0000.CSV
2024-12-19 03:00:00,76.38784903388868,76.38784903388868,,MSP3_PMSC_ENGSOLMFC_SSI_CHN_4KM_20241219030000_0000-0000.CSV
2024-12-19 04:00:00,77.86977725024539,77.86977725024539,,MSP3_PMSC_ENGSOLMFC_SSI_CHN_4KM_20241219040000_0000-0000.CSV
2024-12-19 05:00:00,81.1217308890957,81.1217308890957,,MSP3_PMSC_ENGSOLMFC_SSI_CHN_4KM_20241219050000_0000-0000.CSV
2024-12-19 06:00:00,74.44959005619322,74.44959005619322,,MSP3_PMSC_ENGSOLMFC_SSI_CHN_4KM_20241219060000_0000-0000.CSV
2024-12-19 07:00:00,53.163432207710095,53.163432207710095,,MSP3_PMSC_ENGSOLMFC_SSI_CHN_4KM_20241219070000_0000-0000.CSV
2024-12-19 08:00:00,31.953052250269,31.953052250269,,MSP3_PMSC_ENGSOLMFC_SSI_CHN_4KM_20241219080000_0000-0000.CSV
2024-12-19 09:00:00,15.883023718701018,15.883023718701018,,MSP3_PMSC_ENGSOLMFC_SSI_CHN_4KM_20241219090000_0000-0000.CSV
2024-12-19 10:00:00,,,,MSP3_PMSC_ENGSOLMFC_SSI_CHN_4KM_20241219100000_0000-0000.CSV
2024-12-19 11:00:00,,,,MSP3_PMSC_ENGSOLMFC_SSI_CHN_4KM_20241219110000_0000-0000.CSV
2024-12-20 00:00:00,51.52520798104536,51.52520798104536,,MSP3_PMSC_ENGSOLMFC_SSI_CHN_4KM_20241220000000_0000-0000.CSV
2024-12-20 01:00:00,83.65185877654251,83.65185877654251,,MSP3_PMSC_ENGSOLMFC_SSI_CHN_4KM_20241220010000_0000-0000.CSV
2024-12-20 02:00:00,116.98266951018265,116.98266951018265,,MSP3_PMSC_ENGSOLMFC_SSI_CHN_4KM_20241220020000_0000-0000.CSV
2024-12-20 03:00:00,110.9156303544249,110.9156303544249,,MSP3_PMSC_ENGSOLMFC_SSI_CHN_4KM_20241220030000_0000-0000.CSV
2024-12-20 04:00:00,114.22352642049827,114.22352642049827,,MSP3_PMSC_ENGSOLMFC_SSI_CHN_4KM_20241220040000_0000-0000.CSV
2024-12-20 05:00:00,96.76994061682257,96.76994061682257,,MSP3_PMSC_ENGSOLMFC_SSI_CHN_4KM_20241220050000_0000-0000.CSV
2024-12-20 06:00:00,80.80599731925564,80.80599731925564,,MSP3_PMSC_ENGSOLMFC_SSI_CHN_4KM_20241220060000_0000-0000.CSV
2024-12-20 07:00:00,53.28457070104882,53.28457070104882,,MSP3_PMSC_ENGSOLMFC_SSI_CHN_4KM_20241220070000_0000-0000.CSV
2024-12-20 08:00:00,29.077401559435224,29.077401559435224,,MSP3_PMSC_ENGSOLMFC_SSI_CHN_4KM_20241220080000_0000-0000.CSV
2024-12-20 09:00:00,18.364488624384578,18.364488624384578,,MSP3_PMSC_ENGSOLMFC_SSI_CHN_4KM_20241220090000_0000-0000.CSV
2024-12-20 10:00:00,,,,MSP3_PMSC_ENGSOLMFC_SSI_CHN_4KM_20241220100000_0000-0000.CSV
2024-12-20 11:00:00,,,,MSP3_PMSC_ENGSOLMFC_SSI_CHN_4KM_20241220110000_0000-0000.CSV
2024-12-21 01:00:00,110.78272486106228,110.78272486106228,,MSP3_PMSC_ENGSOLMFC_SSI_CHN_4KM_20241221010000_0000-0000.CSV
2024-12-21 02:00:00,149.61434614909024,149.61434614909024,,MSP3_PMSC_ENGSOLMFC_SSI_CHN_4KM_20241221020000_0000-0000.CSV
2024-12-21 03:00:00,150.30996381293403,150.30996381293403,,MSP3_PMSC_ENGSOLMFC_SSI_CHN_4KM_20241221030000_0000-0000.CSV
2024-12-21 04:00:00,135.49174211284154,135.49174211284154,,MSP3_PMSC_ENGSOLMFC_SSI_CHN_4KM_20241221040000_0000-0000.CSV
2024-12-21 05:00:00,127.32644134915964,127.32644134915964,,MSP3_PMSC_ENGSOLMFC_SSI_CHN_4KM_20241221050000_0000-0000.CSV
2024-12-21 06:00:00,114.11008340271133,114.11008340271133,,MSP3_PMSC_ENGSOLMFC_SSI_CHN_4KM_20241221060000_0000-0000.CSV
2024-12-21 07:00:00,78.88953393418777,78.88953393418777,,MSP3_PMSC_ENGSOLMFC_SSI_CHN_4KM_20241221070000_0000-0000.CSV
2024-12-21 08:00:00,31.697786907025375,31.697786907025375,,MSP3_PMSC_ENGSOLMFC_SSI_CHN_4KM_20241221080000_0000-0000.CSV
2024-12-21 09:00:00,18.474141743133742,18.474141743133742,,MSP3_PMSC_ENGSOLMFC_SSI_CHN_4KM_20241221090000_0000-0000.CSV
2024-12-21 10:00:00,,,,MSP3_PMSC_ENGSOLMFC_SSI_CHN_4KM_20241221100000_0000-0000.CSV
2024-12-21 11:00:00,,,,MSP3_PMSC_ENGSOLMFC_SSI_CHN_4KM_20241221110000_0000-0000.CSV
2024-12-22 00:00:00,53.169393051633314,53.169393051633314,,MSP3_PMSC_ENGSOLMFC_SSI_CHN_4KM_20241222000000_0000-0000.CSV
2024-12-22 01:00:00,106.98179255345696,106.98179255345696,,MSP3_PMSC_ENGSOLMFC_SSI_CHN_4KM_20241222010000_0000-0000.CSV
2024-12-22 02:00:00,136.52900617840194,136.52900617840194,,MSP3_PMSC_ENGSOLMFC_SSI_CHN_4KM_20241222020000_0000-0000.CSV
2024-12-22 03:00:00,132.44953894466823,132.44953894466823,,MSP3_PMSC_ENGSOLMFC_SSI_CHN_4KM_20241222030000_0000-0000.CSV
2024-12-22 04:00:00,113.32190665293469,113.32190665293469,,MSP3_PMSC_ENGSOLMFC_SSI_CHN_4KM_20241222040000_0000-0000.CSV
2024-12-22 05:00:00,123.95052532697838,123.95052532697838,,MSP3_PMSC_ENGSOLMFC_SSI_CHN_4KM_20241222050000_0000-0000.CSV
